Workbook
Name Tiendas: 'Tiendas operando '!$B:$B

Sheet MS26
A1: # Microsaturación | B1: Fecha recepción | C1: Fecha de envío | D1: Días de envío | E1: Practicante | F1: Region | G1: UPZ | H1: Nombre PP | I1: Estado | J1: Especialista | K1: Longitud | L1: Latitud | M1: Tienda Microsaturada 1 | N1: Riesgo | O1: Tienda Microsaturada 2 | P1: Riesgo | Q1: Tipo de estudio | R1: Tienda Microsaturada 3 | S1: Riesgo | T1: Tipo de estudio | U1: Tienda Microsaturada 4 | V1: Riesgo | W1: Tipo de estudio | X1: Tienda Microsaturada 5 | Y1: Riesgo | Z1: Tipo de estudio | AA1: Tienda Microsaturada 6 | AB1: Riesgo | AC1: Tipo de estudio | AD1: Tiendas evaluadas | AE1: Ubicación
A2: 1 | B2: 45853 | F2: Bogotá | G2: Los Cedros | H2: Country 134 | I2: Entregado | J2: Maria Alejandra Ardila Sanchez | K2: -74.047726 | L2: 4.7184032 | M2: Contador (Bog) | N2: Medio | AD2: =COUNTA(M2,O2,R2,U2,X2,AA2) -> 1 | AE2: =+HYPERLINK("https://www.google.com/maps?q=" & SUBSTITUTE(L2, ",", ".") & "," & SUBSTITUTE(K2, ",", "."),"Ver en mapa") -> Ver en mapa
A3: 2 | B3: 45853 | F3: Bogotá | G3: Los Alcazares | H3: Balcones Polo | I3: Entregado | J3: Maria Alejandra Ardila Sanchez | K3: -74.067613 | L3: 4.6743335 | AD3: =COUNTA(M3,O3,R3,U3,X3,AA3) -> 0 | AE3: =+HYPERLINK("https://www.google.com/maps?q=" & SUBSTITUTE(L3, ",", ".") & "," & SUBSTITUTE(K3, ",", "."),"Ver en mapa") -> Ver en mapa
A4: 3 | B4: 45853 | F4: Bogotá | G4: Chico Lago | H4: WTC | I4: Entregado | J4: Martha Lopez | K4: -74.040866 | L4: 4.6812406 | M4: Capital Towers Bog | N4: Medio | O4: Trade Center Bog | P4: Medio | AD4: =COUNTA(M4,O4,R4,U4,X4,AA4) -> 2 | AE4: =+HYPERLINK("https://www.google.com/maps?q=" & SUBSTITUTE(L4, ",", ".") & "," & SUBSTITUTE(K4, ",", "."),"Ver en mapa") -> Ver en mapa
A5: 4 | B5: 45854 | F5: Bogotá | G5: Galerias | H5: Caracas 49 | I5: Entregado | J5: Jenny Paola Acuña Rojas | K5: -74.067101 | L5: 4.637134 | M5: Alfonso Lopez (Bog) | N5: Alto | O5: Quesada 52 Bog | P5: Medio | AD5: =COUNTA(M5,O5,R5,U5,X5,AA5) -> 2 | AE5: =+HYPERLINK("https://www.google.com/maps?q=" & SUBSTITUTE(L5, ",", ".") & "," & SUBSTITUTE(K5, ",", "."),"Ver en mapa") -> Ver en mapa
A6: 5 | B6: 45854 | F6: Bogotá | G6: Quinta Paredes | H6: Takay | I6: Entregado | J6: Jairo Delagado Pineda | K6: -74.083566 | L6: 4.6294916 | M6: Paseo Gran America B | N6: Alto | AD6: =COUNTA(M6,O6,R6,U6,X6,AA6) -> 1 | AE6: =+HYPERLINK("https://www.google.com/maps?q=" & SUBSTITUTE(L6, ",", ".") & "," & SUBSTITUTE(K6, ",", "."),"Ver en mapa") -> Ver en mapa
A7: 6 | B7: 45854 | F7: Bogotá | G7: Santa Cecilia | H7: NN | I7: Entregado | J7: Leidy Viviana Mejia | K7: -74.105436 | L7: 4.672036 | M7: Nromandia 53 (Bog) | N7: Alto | AD7: =COUNTA(M7,O7,R7,U7,X7,AA7) -> 1 | AE7: =+HYPERLINK("https://www.google.com/maps?q=" & SUBSTITUTE(L7, ",", ".") & "," & SUBSTITUTE(K7, ",", "."),"Ver en mapa") -> Ver en mapa
A8: 7 | B8: 45854 | F8: Bogotá | G8: Puente Aranda | H8: Américas Factory | I8: Entregado | J8: Jury Carolina Gonzalez | K8: -74.118328 | L8: 4.6301671 | AD8: =COUNTA(M8,O8,R8,U8,X8,AA8) -> 0 | AE8: =+HYPERLINK("https://www.google.com/maps?q=" & SUBSTITUTE(L8, ",", ".") & "," & SUBSTITUTE(K8, ",", "."),"Ver en mapa") -> Ver en mapa
A9: 8 | B9: 45854 | F9: Bogotá | G9: Chico Lago | H9: Bello Horizonte | I9: Entregado | J9: Jury Carolina Gonzalez | K9: -74.045009 | L9: 4.6795514 | AD9: =COUNTA(M9,O9,R9,U9,X9,AA9) -> 0 | AE9: =+HYPERLINK("https://www.google.com/maps?q=" & SUBSTITUTE(L9, ",", ".") & "," & SUBSTITUTE(K9, ",", "."),"Ver en mapa") -> Ver en mapa
A10: 9 | B10: 45855 | F10: Bogotá | G10: Chapinero | H10: Latitud 58 | I10: Entregado | J10: Jairo Ernesto Castilla | K10: -74.064278 | L10: 4.6449321 | M10: calle 59 Bog | N10: Alto | O10: Infinitum Bog | P10: Alto | AD10: =COUNTA(M10,O10,R10,U10,X10,AA10) -> 2 | AE10: =+HYPERLINK("https://www.google.com/maps?q=" & SUBSTITUTE(L10, ",", ".") & "," & SUBSTITUTE(K10, ",", "."),"Ver en mapa") -> Ver en mapa
A11: 10 | B11: 45855 | F11: Bogotá | G11: Chico Lago | H11: Central 75 | I11: Entregado | J11: Jairo Ernesto Castilla | K11: -74.059604 | L11: 4.6621633 | AD11: =COUNTA(M11,O11,R11,U11,X11,AA11) -> 0 | AE11: =+HYPERLINK("https://www.google.com/maps?q=" & SUBSTITUTE(L11, ",", ".") & "," & SUBSTITUTE(K11, ",", "."),"Ver en mapa") -> Ver en mapa
A12: 11 | B12: 45855 | F12: Bogotá | G12: Chico Lago | H12: Lago Cra 13 | I12: Entregado | J12: Jairo Ernesto Castilla | K12: -74.056398 | L12: 4.6643792 | M12: Calle 77 Bog | N12: Alto | O12: Lago Gaitan Bog | P12: Bajo | R12: Unilago Bog | S12: Medio | AD12: =COUNTA(M12,O12,R12,U12,X12,AA12) -> 3 | AE12: =+HYPERLINK("https://www.google.com/maps?q=" & SUBSTITUTE(L12, ",", ".") & "," & SUBSTITUTE(K12, ",", "."),"Ver en mapa") -> Ver en mapa
A13: 12 | B13: 45855 | F13: Bogotá | G13: Chico Lago | H13: Cabrera 85 | I13: Entregado | J13: Jairo Ernesto Castilla | K13: -74.051981 | L13: 4.668065 | M13: El Retiro | N13: Bajo | AD13: =COUNTA(M13,O13,R13,U13,X13,AA13) -> 1 | AE13: =+HYPERLINK("https://www.google.com/maps?q=" & SUBSTITUTE(L13, ",", ".") & "," & SUBSTITUTE(K13, ",", "."),"Ver en mapa") -> Ver en mapa
A14: 13 | B14: 45855 | F14: Bogotá | G14: El Refugio | H14: Escalar Nogal | I14: Entregado | J14: Jairo Ernesto Castilla | K14: -74.052025 | L14: 4.6635939 | AD14: =COUNTA(M14,O14,R14,U14,X14,AA14) -> 0 | AE14: =+HYPERLINK("https://www.google.com/maps?q=" & SUBSTITUTE(L14, ",", ".") & "," & SUBSTITUTE(K14, ",", "."),"Ver en mapa") -> Ver en mapa
A15: 14 | B15: 45855 | F15: Bogotá | G15: Chico Lago | H15: Arboledas | I15: Entregado | J15: Jairo Ernesto Castilla | K15: -74.060181 | L15: 4.6613361 | M15: Calle 77 Bog | N15: Bajo | O15: Heroes Bog | P15: Alto | AD15: =COUNTA(M15,O15,R15,U15,X15,AA15) -> 2 | AE15: =+HYPERLINK("https://www.google.com/maps?q=" & SUBSTITUTE(L15, ",", ".") & "," & SUBSTITUTE(K15, ",", "."),"Ver en mapa") -> Ver en mapa
A16: 15 | B16: 45855 | F16: Bogotá | G16: Chico Lago | H16: Estación San Felipe | I16: Entregado | J16: Jairo Ernesto Castilla | K16: -74.060806 | L16: 4.661255 | M16: Calle 77 Bog | N16: Bajo | O16: Heroes Bog | P16: Alto | AD16: =COUNTA(M16,O16,R16,U16,X16,AA16) -> 2 | AE16: =+HYPERLINK("https://www.google.com/maps?q=" & SUBSTITUTE(L16, ",", ".") & "," & SUBSTITUTE(K16, ",", "."),"Ver en mapa") -> Ver en mapa
A17: 16 | B17: 45859 | F17: Bogotá | G17: La Esmeralda | H17: Federman 50 | I17: Entregado | J17: Jenny Paola Acuña Rojas | K17: -74.084401 | L17: 4.6512898 | M17: Federman Bog | N17: Bajo | AD17: =COUNTA(M17,O17,R17,U17,X17,AA17) -> 1 | AE17: =+HYPERLINK("https://www.google.com/maps?q=" & SUBSTITUTE(L17, ",", ".") & "," & SUBSTITUTE(K17, ",", "."),"Ver en mapa") -> Ver en mapa
A18: 17 | B18: 45859 | F18: Bogotá | G18: Toberin | H18: Toberin 168 | I18: Entregado | J18: Jairo Ernesto Castilla | K18: -74.042576 | L18: 4.748259 | M18: Toberin Centro Bog | N18: Bajo | AD18: =COUNTA(M18,O18,R18,U18,X18,AA18) -> 1 | AE18: =+HYPERLINK("https://www.google.com/maps?q=" & SUBSTITUTE(L18, ",", ".") & "," & SUBSTITUTE(K18, ",", "."),"Ver en mapa") -> Ver en mapa
A19: 18 | B19: 21 | F19: Bogotá | G19: Las Nieves | H19: Nieves 22 | I19: Entregado | J19: Lina María Díaz | K19: -74.070383 | L19: 4.608782 | AD19: =COUNTA(M19,O19,R19,U19,X19,AA19) -> 0 | AE19: =+HYPERLINK("https://www.google.com/maps?q=" & SUBSTITUTE(L19, ",", ".") & "," & SUBSTITUTE(K19, ",", "."),"Ver en mapa") -> Ver en mapa
A20: 19 | B20: 45860 | F20: Bogotá | G20: Chico Lago | H20: Montecarlo | I20: Entregado | J20: Jairo Ernesto Castilla | K20: -74.045889 | L20: 4.6777222 | M20: Calle 93 Bog | N20: Bajo | O20: Calle 95 | P20: Bajo | AD20: =COUNTA(M20,O20,R20,U20,X20,AA20) -> 2 | AE20: =+HYPERLINK("https://www.google.com/maps?q=" & SUBSTITUTE(L20, ",", ".") & "," & SUBSTITUTE(K20, ",", "."),"Ver en mapa") -> Ver en mapa
A21: 20 | B21: 45860 | F21: Bogotá | G21: San Rafael | H21: Troncal Americas | I21: Entregado | J21: Jenny Paola Acuña Rojas | K21: -74.1163 | L21: 4.627688 | M21: Rotonda 60 Bog | N21: Medio | AD21: =COUNTA(M21,O21,R21,U21,X21,AA21) -> 1 | AE21: =+HYPERLINK("https://www.google.com/maps?q=" & SUBSTITUTE(L21, ",", ".") & "," & SUBSTITUTE(K21, ",", "."),"Ver en mapa") -> Ver en mapa
A22: 21 | B22: 45862 | F22: Bogotá | G22: Bolivia | H22: Montenegro | I22: Entregado | J22: Alba Yaneth Villamizar | K22: -74.115678 | L22: 4.7175681 | AD22: =COUNTA(M22,O22,R22,U22,X22,AA22) -> 0 | AE22: =+HYPERLINK("https://www.google.com/maps?q=" & SUBSTITUTE(L22, ",", ".") & "," & SUBSTITUTE(K22, ",", "."),"Ver en mapa") -> Ver en mapa
A23: 22 | B23: 45862 | F23: Bogotá | G23: La Candelaria | H23: Periodistas | I23: Revisión | J23: Jenny Paola Acuña Rojas | K23: -74.070322 | L23: 4.600592 | M23: Eje Ambiental Bog | N23: Bajo | O23: Museo Del Oro (Bog) | P23: Bajo | R23: Procuraduria Bog | S23: Bajo | AD23: =COUNTA(M23,O23,R23,U23,X23,AA23) -> 3 | AE23: =+HYPERLINK("https://www.google.com/maps?q=" & SUBSTITUTE(L23, ",", ".") & "," & SUBSTITUTE(K23, ",", "."),"Ver en mapa") -> Ver en mapa
A24: 23 | B24: 45867 | F24: Bogotá | G24: Chico Lago | H24: Nueve Cuatro | I24: Entregado | J24: Jairo Ernesto Castilla | K24: -74.046385 | L24: 4.6787098 | M24: Calle 95 | N24: Bajo | AD24: =COUNTA(M24,O24,R24,U24,X24,AA24) -> 1 | AE24: =+HYPERLINK("https://www.google.com/maps?q=" & SUBSTITUTE(L24, ",", ".") & "," & SUBSTITUTE(K24, ",", "."),"Ver en mapa") -> Ver en mapa
A25: 24 | B25: 45867 | F25: Bogotá | G25: Sagrado Corazon | H25: Museo Nacional | I25: Entregado | J25: Lina María Díaz | K25: -74.069864 | L25: 4.6138368 | M25: Decima San Diego Bog | N25: Bajo | AD25: =COUNTA(M25,O25,R25,U25,X25,AA25) -> 1 | AE25: =+HYPERLINK("https://www.google.com/maps?q=" & SUBSTITUTE(L25, ",", ".") & "," & SUBSTITUTE(K25, ",", "."),"Ver en mapa") -> Ver en mapa
A26: 25 | B26: 45868 | F26: Bogotá | G26: San Jose de Bavaria | H26: Portal Norte | I26: Entregado | J26: Alba Yaneth Villamizar | K26: -74.046594 | L26: 4.755029 | M26: Baviera 174 Bog | N26: Alto | AD26: =COUNTA(M26,O26,R26,U26,X26,AA26) -> 1 | AE26: =+HYPERLINK("https://www.google.com/maps?q=" & SUBSTITUTE(L26, ",", ".") & "," & SUBSTITUTE(K26, ",", "."),"Ver en mapa") -> Ver en mapa
A27: 26 | B27: 45873 | F27: Bogotá | G27: Galerias | H27: Chapinero Occidental | I27: Entregado | J27: Jenny Paola Acuña Rojas | K27: -74.068567 | L27: 4.6421875 | M27: Quesada 52 Bog | N27: Alto | O27: Palmas Bog | P27: Medio | AD27: =COUNTA(M27,O27,R27,U27,X27,AA27) -> 2 | AE27: =+HYPERLINK("https://www.google.com/maps?q=" & SUBSTITUTE(L27, ",", ".") & "," & SUBSTITUTE(K27, ",", "."),"Ver en mapa") -> Ver en mapa
A28: 27 | B28: 45873 | F28: Bogotá | G28: Galerias | H28: Galerias 27 | I28: Entregado | J28: Jenny Paola Acuña Rojas | K28: -74.075977 | L28: 4.6418017 | M28: Galerias 28 Bog | N28: Alto | O28: Galerias 53 Bog | P28: Alto | AD28: =COUNTA(M28,O28,R28,U28,X28,AA28) -> 2 | AE28: =+HYPERLINK("https://www.google.com/maps?q=" & SUBSTITUTE(L28, ",", ".") & "," & SUBSTITUTE(K28, ",", "."),"Ver en mapa") -> Ver en mapa
A29: 28 | B29: 45873 | F29: Bogotá | G29: Toberin | H29: 161 Express | I29: Entregado | J29: Jairo Ernesto Castilla | K29: -74.043877 | L29: 4.7410174 | M29: Estrella Norte Bog | N29: Alto | O29: Jardines del Oriente | P29: Alto | AD29: =COUNTA(M29,O29,R29,U29,X29,AA29) -> 2 | AE29: =+HYPERLINK("https://www.google.com/maps?q=" & SUBSTITUTE(L29, ",", ".") & "," & SUBSTITUTE(K29, ",", "."),"Ver en mapa") -> Ver en mapa
A30: 29 | B30: 45883 | F30: Bogotá | G30: Chico Lago | H30: Reserva 98-07 | I30: Revisión | J30: Jury Carolina Gonzalez | K30: -74.044046 | L30: 4.6814288 | M30: Trade Center Bog | N30: Bajo | O30: Calle 93 Bog | P30: Bajo | R30: Torre Cien Bog | S30: Alto | U30: Chico 100 Con 11 Bog | V30: Alto | AD30: =COUNTA(M30,O30,R30,U30,X30,AA30) -> 4 | AE30: =+HYPERLINK("https://www.google.com/maps?q=" & SUBSTITUTE(L30, ",", ".") & "," & SUBSTITUTE(K30, ",", "."),"Ver en mapa") -> Ver en mapa
A31: 30 | B31: 45883 | F31: Bogotá | G31: Toberin | H31: Calle 170 | I31: Revisión | J31: Leonard Castañeda | K31: -74.043254 | L31: 4.7504616 | M31: Toberin Centro Bog | N31: Bajo | AD31: =COUNTA(M31,O31,R31,U31,X31,AA31) -> 1 | AE31: =+HYPERLINK("https://www.google.com/maps?q=" & SUBSTITUTE(L31, ",", ".") & "," & SUBSTITUTE(K31, ",", "."),"Ver en mapa") -> Ver en mapa
A32: 31 | B32: 45883 | F32: Bogotá | G32: Toberin | H32: Toberin 168 | I32: Revisión | J32: Leonard Castañeda | K32: -74.042481 | L32: 4.7483631 | M32: Toberin Centro Bog | N32: Bajo | O32: Calle 166 Bog | P32: Bajo | AD32: =COUNTA(M32,O32,R32,U32,X32,AA32) -> 2 | AE32: =+HYPERLINK("https://www.google.com/maps?q=" & SUBSTITUTE(#REF!, ",", ".") & "," & SUBSTITUTE(L32, ",", "."),"Ver en mapa") -> #REF!
A33: 74 | B33: 45979 | F33: Medellin | G33: El Poblado | H33: Parque Villas | I33: Entregado | J33: Valentina Valencia Marin | K33: -75.568102 | L33: 6.2096305 | M33: Rose Poblado (Mde) | N33: Alto | AD33: =COUNTA(M33,O33,R33,U33,X33,AA33) -> 1 | AE33: =+HYPERLINK("https://www.google.com/maps?q=" & SUBSTITUTE(L33, ",", ".") & "," & SUBSTITUTE(K33, ",", "."),"Ver en mapa") -> Ver en mapa
AD34: =COUNTA(M34,O34,R34,U34,X34,AA34) -> 0 | AE34: =+HYPERLINK("https://www.google.com/maps?q=" & SUBSTITUTE(L34, ",", ".") & "," & SUBSTITUTE(K34, ",", "."),"Ver en mapa") -> Ver en mapa
A35: 33 | B35: 45896 | F35: Bogotá | G35: Los Cedros | H35: Pradia 134 | I35: Entregado | J35: Maria Alejandra Garcia | K35: -74.048486 | L35: 4.7202683 | M35: Contador (Bog) | N35: Medio | AD35: =COUNTA(M35,O35,R35,U35,X35,AA35) -> 1 | AE35: =+HYPERLINK("https://www.google.com/maps?q=" & SUBSTITUTE(L35, ",", ".") & "," & SUBSTITUTE(K35, ",", "."),"Ver en mapa") -> Ver en mapa
A36: 34 | B36: 45896 | F36: Bogotá | G36: Castilla | H36: Alsacia 78 | I36: Entregado | J36: Lina María Díaz | K36: -74.141005 | L36: 4.639407 | M36: Barrio Bavaria Bog | N36: Alto | AD36: =COUNTA(M36,O36,R36,U36,X36,AA36) -> 1 | AE36: =+HYPERLINK("https://www.google.com/maps?q=" & SUBSTITUTE(L36, ",", ".") & "," & SUBSTITUTE(K36, ",", "."),"Ver en mapa") -> Ver en mapa
A37: 35 | B37: 45897 | F37: Bogotá | G37: Pardo Rubio | H37: 7 Estorias | I37: Entregado | J37: Jury Carolina Gonzalez | K37: -74.062198 | L37: 4.641961 | M37: Defensoria (Bog) | N37: Alto | AD37: =COUNTA(M37,O37,R37,U37,X37,AA37) -> 1 | AE37: =+HYPERLINK("https://www.google.com/maps?q=" & SUBSTITUTE(L37, ",", ".") & "," & SUBSTITUTE(K37, ",", "."),"Ver en mapa") -> Ver en mapa
A38: 36 | B38: 45897 | F38: Bogotá | G38: Suba | H38: El Pino | I38: Entregado | J38: Carlos Bolaños | K38: -74.094154 | L38: 4.750085 | M38: Suba 103 Bog | N38: Bajo | O38: Imperial Bog | P38: Alto | AD38: =COUNTA(M38,O38,R38,U38,X38,AA38) -> 2 | AE38: =+HYPERLINK("https://www.google.com/maps?q=" & SUBSTITUTE(L38, ",", ".") & "," & SUBSTITUTE(K38, ",", "."),"Ver en mapa") -> Ver en mapa
A39: 37 | B39: 45897 | F39: Bogotá | G39: Suba | H39: Suba 92 | I39: Entregado | J39: Carlos Bolaños | K39: -74.084973 | L39: 4.7409118 | M39: Plaza Suba Bog | N39: Alto | AD39: =COUNTA(M39,O39,R39,U39,X39,AA39) -> 1 | AE39: =+HYPERLINK("https://www.google.com/maps?q=" & SUBSTITUTE(L39, ",", ".") & "," & SUBSTITUTE(K39, ",", "."),"Ver en mapa") -> Ver en mapa
A40: 38 | B40: 45903 | F40: Bogotá | G40: Restrepo | H40: La Fragua 17 | I40: Entregado | J40: Lina María Díaz | K40: -74.109838 | L40: 4.5963158 | M40: La Fragua (Bog) | N40: Alto | AD40: =COUNTA(M40,O40,R40,U40,X40,AA40) -> 1 | AE40: =+HYPERLINK("https://www.google.com/maps?q=" & SUBSTITUTE(L40, ",", ".") & "," & SUBSTITUTE(K40, ",", "."),"Ver en mapa") -> Ver en mapa
A41: 39 | B41: 45903 | F41: Bogotá | G41: Galerias | H41: Campin | I41: Entregado | J41: Jenny Paola Acuña Rojas | K41: -74.073027 | L41: 4.6486633 | M41: Salvador Bog | N41: Alto | O41: San Luis Bog | P41: Alto | AD41: =COUNTA(M41,O41,R41,U41,X41,AA41) -> 2 | AE41: =+HYPERLINK("https://www.google.com/maps?q=" & SUBSTITUTE(L41, ",", ".") & "," & SUBSTITUTE(K41, ",", "."),"Ver en mapa") -> Ver en mapa
A42: 40 | B42: 45903 | F42: Bogotá | G42: Ciudad Salitre Oriental | H42: Can 26 | I42: Entregado | J42: Jenny Paola Acuña Rojas | K42: -74.099069 | L42: 4.6449345 | M42: Salitre Bog | N42: Bajo | AD42: =COUNTA(M42,O42,R42,U42,X42,AA42) -> 1 | AE42: =+HYPERLINK("https://www.google.com/maps?q=" & SUBSTITUTE(#REF!, ",", ".") & "," & SUBSTITUTE(#REF!, ",", "."),"Ver en mapa") -> #REF!
A43: 32 | B43: 45884 | F43: Bogotá | G43: Teusaquillo | H43: Parque Brasil | I43: Entregado | J43: Jenny Paola Acuña Rojas | K43: -74.07315 | L43: 4.6276701 | M43: Soledad Park (Bog) | N43: Medio | AD43: =COUNTA(M43,O43,R43,U43,X43,AA43) -> 1 | AE43: =+HYPERLINK("https://www.google.com/maps?q=" & SUBSTITUTE(L43, ",", ".") & "," & SUBSTITUTE(K43, ",", "."),"Ver en mapa") -> Ver en mapa
A44: 42 | B44: 45904 | F44: Bogotá | G44: Santa Isabel | H44: Isabel AK27 | I44: Entregado | J44: Lina María Díaz | K44: -74.100547 | L44: 4.5979344 | M44: Eds Veraguas Bog | N44: Medio | O44: Isabel 28 Bog | P44: Alto | AD44: =COUNTA(M44,O44,R44,U44,X44,AA44) -> 2 | AE44: =+HYPERLINK("https://www.google.com/maps?q=" & SUBSTITUTE(L44, ",", ".") & "," & SUBSTITUTE(K44, ",", "."),"Ver en mapa") -> Ver en mapa
A45: 43 | B45: 45905 | F45: Bogotá | G45: La Alhambra | H45: EDS 127 | I45: Entregado | J45: Leidy Viviana Mejia | K45: -74.054336 | L45: 4.7062457 | M45: Batan BOG | N45: Bajo | AD45: =COUNTA(M45,O45,R45,U45,X45,AA45) -> 1 | AE45: =+HYPERLINK("https://www.google.com/maps?q=" & SUBSTITUTE(L45, ",", ".") & "," & SUBSTITUTE(K45, ",", "."),"Ver en mapa") -> Ver en mapa
A46: 44 | B46: 45905 | F46: Bogotá | G46: Sagrado Corazón | H46: Sagrado Corazon | I46: Entregado | J46: Lina María Díaz | K46: -74.067938 | L46: 4.6231199 | M46: Magdalena Bog | N46: Alto | O46: National Park | P46: Alto | R46: Calle 34 Bog | S46: Alto | AD46: =COUNTA(M46,O46,R46,U46,X46,AA46) -> 3 | AE46: =+HYPERLINK("https://www.google.com/maps?q=" & SUBSTITUTE(L46, ",", ".") & "," & SUBSTITUTE(K46, ",", "."),"Ver en mapa") -> Ver en mapa
A47: 45 | B47: 45908 | F47: Bogotá | G47: Galerias | H47: Azucar | I47: Entregado | J47: Jenny Paola Acuña Rojas | K47: -74.073764 | L47: 4.6430361 | M47: Salvador Bog | N47: Alto | O47: San Luis Bog | P47: Alto | R47: Galerias 53 Bog | S47: Alto | AD47: =COUNTA(M47,O47,R47,U47,X47,AA47) -> 3 | AE47: =+HYPERLINK("https://www.google.com/maps?q=" & SUBSTITUTE(L47, ",", ".") & "," & SUBSTITUTE(K47, ",", "."),"Ver en mapa") -> Ver en mapa
A48: 46 | B48: 45910 | F48: Bogotá | G48: El Refugio | H48: Once Reserva | I48: Entregado | J48: Jairo Ernesto Castilla | K48: -74.04479 | L48: 4.6797017 | M48: Trade Center Bog | N48: Bajo | O48: Calle 95 | P48: Bajo | AD48: =COUNTA(M48,O48,R48,U48,X48,AA48) -> 2 | AE48: =+HYPERLINK("https://www.google.com/maps?q=" & SUBSTITUTE(L48, ",", ".") & "," & SUBSTITUTE(K48, ",", "."),"Ver en mapa") -> Ver en mapa
A49: 47 | B49: 45915 | F49: Cundinamarca | G49: La Mesa | H49: El Recuerdo | I49: Entregado | J49: Lina María Díaz | K49: -74.464186 | L49: 4.6292401 | M49: Encanto Bog | N49: Alto | AD49: =COUNTA(M49,O49,R49,U49,X49,AA49) -> 1 | AE49: =+HYPERLINK("https://www.google.com/maps?q=" & SUBSTITUTE(L49, ",", ".") & "," & SUBSTITUTE(K49, ",", "."),"Ver en mapa") -> Ver en mapa
A50: 48 | B50: 45915 | F50: Bogotá | G50: La Esmeralda | H50: La Esmeralda | I50: Entregado | J50: Jenny Paola Acuña Rojas | K50: -74.091026 | L50: 4.6436696 | M50: Calle 44 Bog | N50: Bajo | AD50: =COUNTA(M50,O50,R50,U50,X50,AA50) -> 1 | AE50: =+HYPERLINK("https://www.google.com/maps?q=" & SUBSTITUTE(L50, ",", ".") & "," & SUBSTITUTE(K50, ",", "."),"Ver en mapa") -> Ver en mapa
A51: 49 | B51: 45916 | F51: Bogotá | G51: Parque Simon Bolivar - Can | H51: Centro Adm Occ | I51: Solicitado | J51: Jenny Paola Acuña Rojas | K51: -74.095493 | L51: 4.647682 | M51: Calle 44 Bog | N51: Bajo
A52: 50 | B52: 45918 | F52: Bogotá | G52: Las Nieves | H52: PP 55 | I52: Entregado | J52: - | K52: -74.068437 | L52: 4.6086021 | M52: 724 (Bog) | N52: Alto | O52: Tadeo (Bog) | P52: Alto | R52: Bosque Izquierdo Bog | S52: Alto | U52: Septima Nieves Bog | V52: Medio | AD52: =COUNTA(M52,O52,R52,U52,X52,AA52) -> 4 | AE52: =+HYPERLINK("https://www.google.com/maps?q=" & SUBSTITUTE(L52, ",", ".") & "," & SUBSTITUTE(K52, ",", "."),"Ver en mapa") -> Ver en mapa
A53: 51 | B53: 45918 | F53: Bogotá | G53: Los Alcazares | H53: PP 58 | I53: Entregado | J53: - | K53: -74.064927 | L53: 4.6712525 | M53: Polo Bog | N53: Alto | AD53: =COUNTA(M53,O53,R53,U53,X53,AA53) -> 1 | AE53: =+HYPERLINK("https://www.google.com/maps?q=" & SUBSTITUTE(L53, ",", ".") & "," & SUBSTITUTE(K53, ",", "."),"Ver en mapa") -> Ver en mapa
A54: 52 | B54: 45918 | F54: Bogotá | G54: San Cristobal Norte | H54: PP 63 | I54: Entregado | J54: - | K54: -74.028462 | L54: 4.7378113 | M54: Campo Alto (Bog) | N54: Alto | AD54: =COUNTA(M54,O54,R54,U54,X54,AA54) -> 1 | AE54: =+HYPERLINK("https://www.google.com/maps?q=" & SUBSTITUTE(L54, ",", ".") & "," & SUBSTITUTE(K54, ",", "."),"Ver en mapa") -> Ver en mapa
A55: 53 | B55: 45918 | F55: Girardot | G55: - | H55: PP 51 | I55: Entregado | J55: - | K55: -74.802671 | L55: 4.3091643 | M55: Acacias Bog | N55: Alto | AD55: =COUNTA(M55,O55,R55,U55,X55,AA55) -> 1 | AE55: =+HYPERLINK("https://www.google.com/maps?q=" & SUBSTITUTE(L55, ",", ".") & "," & SUBSTITUTE(K55, ",", "."),"Ver en mapa") -> Ver en mapa
A56: 54 | B56: 45919 | F56: Bogotá | G56: Chapinero | H56: Park Calle 43 | I56: Entregado | J56: Maria Alejandra Garcia | K56: -74.066646 | L56: 4.6309502 | M56: Zona 41 | N56: Alto | O56: Piloto Bog | P56: Alto | R56: Portal Javeriana Bog | S56: Alto
A57: 55 | B57: 45922 | F57: Bogotá | G57: Chapinero | H57: Estación 45 | I57: Entregado | J57: Maria Alejandra Garcia | K57: -74.067554 | L57: 4.6331998 | M57: Piloto Bog | N57: Alto | O57: Marly 13 (Bog) | P57: Alto | AD57: =COUNTA(M57,O57,R57,U57,X57,AA57) -> 2 | AE57: =+HYPERLINK("https://www.google.com/maps?q=" & SUBSTITUTE(L57, ",", ".") & "," & SUBSTITUTE(K57, ",", "."),"Ver en mapa") -> Ver en mapa
A58: 56 | B58: 45922 | F58: Bogotá | G58: Usaquén | H58: Acces Center | I58: Entregado | J58: Maria Alejandra Garcia | K58: -74.028577 | L58: 4.7041667 | M58: Bella Suiza 127 (Bog | N58: Alto | AD58: =COUNTA(M58,O58,R58,U58,X58,AA58) -> 1 | AE58: =+HYPERLINK("https://www.google.com/maps?q=" & SUBSTITUTE(L58, ",", ".") & "," & SUBSTITUTE(K58, ",", "."),"Ver en mapa") -> Ver en mapa
A59: 57 | B59: 45931 | F59: Bogotá | G59: La Esmeralda | H59: La Esmeralda 2 | I59: Entregado | J59: Jenny Paola Acuña Rojas | K59: -74.092185 | L59: 4.645388 | M59: Calle 44 Bog | N59: Bajo | AD59: =COUNTA(M59,O59,R59,U59,X59,AA59) -> 1 | AE59: =+HYPERLINK("https://www.google.com/maps?q=" & SUBSTITUTE(L59, ",", ".") & "," & SUBSTITUTE(K59, ",", "."),"Ver en mapa") -> Ver en mapa
A60: 58 | B60: 45937 | F60: Bogotá | G60: Restrepo | H60: La Favorita | I60: Entregado | J60: Lina María Díaz | K60: -74.101635 | L60: 4.5846897 | M60: Parque Restrepo Bog | N60: Alto | O60: Plaza Restrepo Bog | P60: Alto | R60: Restrepo Carrera 18 | S60: Alto | AD60: =COUNTA(M60,O60,R60,U60,X60,AA60) -> 3 | AE60: =+HYPERLINK("https://www.google.com/maps?q=" & SUBSTITUTE(L60, ",", ".") & "," & SUBSTITUTE(K60, ",", "."),"Ver en mapa") -> Ver en mapa
A61: 59 | B61: 45940 | F61: Bogotá | G61: La Floresta | H61: Empresarial Pontevedra | I61: Entregado | J61: Jenny Paola Acuña Rojas | K61: -74.07845 | L61: 4.693566 | M61: Avenida Constitucion | N61: Alto | AD61: =COUNTA(M61,O61,R61,U61,X61,AA61) -> 1 | AE61: =+HYPERLINK("https://www.google.com/maps?q=" & SUBSTITUTE(L61, ",", ".") & "," & SUBSTITUTE(K61, ",", "."),"Ver en mapa") -> Ver en mapa
A62: 60 | B62: 45940 | F62: Bogotá | G62: La Floresta | H62: Pontevedra 116 | I62: Entregado | J62: Jenny Paola Acuña Rojas | K62: -74.078927 | L62: 4.7001275 | M62: Shaio Bog | N62: Alto | AD62: =COUNTA(M62,O62,R62,U62,X62,AA62) -> 1 | AE62: =+HYPERLINK("https://www.google.com/maps?q=" & SUBSTITUTE(L62, ",", ".") & "," & SUBSTITUTE(K62, ",", "."),"Ver en mapa") -> Ver en mapa
A63: 61 | B63: 45944 | F63: Bogotá | G63: Los Cedros | H63: Cedrales | I63: Entregado | J63: Maria Alejandra Garcia | K63: -74.038926 | L63: 4.7204189 | M63: Cedritos Bog | N63: Bajo | AD63: =COUNTA(M63,O63,R63,U63,X63,AA63) -> 1 | AE63: =+HYPERLINK("https://www.google.com/maps?q=" & SUBSTITUTE(L63, ",", ".") & "," & SUBSTITUTE(K63, ",", "."),"Ver en mapa") -> Ver en mapa
A64: 62 | B64: 45944 | F64: Bogotá | G64: Chicó Lago | H64: PP 79 | I64: Entregado | J64: - | K64: -74.042072 | L64: 4.6815226 | M64: Chico 100 Con 11 Bog | N64: Alto | O64: Trade Center Bog | P64: Bajo | R64: Capital Towers Bog | S64: Bajo | AD64: =COUNTA(M64,O64,R64,U64,X64,AA64) -> 3 | AE64: =+HYPERLINK("https://www.google.com/maps?q=" & SUBSTITUTE(L64, ",", ".") & "," & SUBSTITUTE(K64, ",", "."),"Ver en mapa") -> Ver en mapa
A65: 63 | B65: 45944 | F65: Bogotá | G65: San Rafael | H65: Troncal Américas | I65: Entregado | J65: Jenny Paola Acuña Rojas | K65: -74.11626 | L65: 4.6277494 | M65: Rotonda 60 Bog | N65: Medio | AD65: =COUNTA(M65,O65,R65,U65,X65,AA65) -> 1 | AE65: =+HYPERLINK("https://www.google.com/maps?q=" & SUBSTITUTE(L65, ",", ".") & "," & SUBSTITUTE(K65, ",", "."),"Ver en mapa") -> Ver en mapa
A66: 64 | B66: 45944 | F66: Bogotá | G66: Niza | H66: La Campania | I66: Entregado | J66: Jenny Paola Acuña Rojas | K66: -74.072707 | L66: 4.7148084 | M66: Calatrava Bog | N66: Bajo | O66: Parque Villas Bog | P66: Alto | AD66: =COUNTA(M66,O66,R66,U66,X66,AA66) -> 2 | AE66: =+HYPERLINK("https://www.google.com/maps?q=" & SUBSTITUTE(L66, ",", ".") & "," & SUBSTITUTE(K66, ",", "."),"Ver en mapa") -> Ver en mapa
A67: 65 | B67: 45952 | F67: Bogotá | G67: Chapinero | H67: Lourdes 61 | I67: Entregado | J67: Jairo Ernesto Castilla | K67: -74.063885 | L67: 4.647747 | M67: calle 59 Bog | N67: Bajo | O67: Cosmos Bog | P67: Bajo | R67: Infinitum Bog | S67: Alto
A68: 66 | B68: 45953 | F68: Bogotá | G68: Chico Lago | H68: Arboledas | I68: Entregado | J68: Jairo Ernesto Castilla | K68: -74.062536 | L68: 4.6612205 | M68: Calle 77 Bog | N68: Bajo | O68: Heroes Bog | P68: Medio | AD68: =COUNTA(M68,O68,R68,U68,X68,AA68) -> 2 | AE68: =+HYPERLINK("https://www.google.com/maps?q=" & SUBSTITUTE(K68, ",", ".") & "," & SUBSTITUTE(L68, ",", "."),"Ver en mapa") -> Ver en mapa
A69: 67 | B69: 45953 | F69: Bogotá | G69: Niza | H69: Suba 128 | I69: Entregado | J69: Jenny Paola Acuña Rojas | K69: -74.072988 | L69: 4.7159873 | M69: Calatrava Bog | N69: Medio | O69: Parque Villas Bog | P69: Alto | AD69: =COUNTA(M69,O69,R69,U69,X69,AA69) -> 2 | AE69: =+HYPERLINK("https://www.google.com/maps?q=" & SUBSTITUTE(L69, ",", ".") & "," & SUBSTITUTE(#REF!, ",", "."),"Ver en mapa") -> #REF!
A70: 68 | B70: 45953 | F70: Bogotá | G70: La Candelaria | H70: Externado | I70: Entregado | J70: Jenny Paola Acuña Rojas | K70: -74.069481 | L70: 4.595714 | M70: La Candelaria Bog | N70: Bajo | O70: Piloto Bog | P70: Alto | AD70: =COUNTA(M70,O70,R70,U70,X70,AA70) -> 2 | AE70: =+HYPERLINK("https://www.google.com/maps?q=" & SUBSTITUTE(L70, ",", ".") & "," & SUBSTITUTE(K70, ",", "."),"Ver en mapa") -> Ver en mapa
A71: 69 | B71: 45967 | F71: Bogotá | G71: Los Alcazares | H71: Mikita | I71: Entregado | J71: Jenny Paola Acuña Rojas | K71: -74.071756 | L71: 4.6177425 | M71: Calle 34 Bog | N71: Alto | P71: Alto | AD71: =COUNTA(M71,O71,R71,U71,X71,AA71) -> 1 | AE71: =+HYPERLINK("https://www.google.com/maps?q=" & SUBSTITUTE(L71, ",", ".") & "," & SUBSTITUTE(K71, ",", "."),"Ver en mapa") -> Ver en mapa
A72: 70 | B72: 45968 | F72: Bogotá | G72: Los Cedros | H72: Cedritos Calle 147 | I72: Entregado | J72: Maria Alejandra Garcia | K72: -74.032714 | L72: 4.7256102 | M72: Cedro Bog | N72: Bajo | AD72: =COUNTA(M72,O72,R72,U72,X72,AA72) -> 1 | AE72: =+HYPERLINK("https://www.google.com/maps?q=" & SUBSTITUTE(L72, ",", ".") & "," & SUBSTITUTE(K72, ",", "."),"Ver en mapa") -> Ver en mapa
A73: 71 | B73: 45968 | F73: Bogotá | G73: Chico Lago | H73: HMC 80 | I73: Entregado | J73: Jairo Ernesto Castilla | K73: -74.063068 | L73: 4.6792704 | M73: Unilago Bog | N73: Bajo | O73: Transmiheroes Bog | P73: Alto | R73: La 82 Bog | S73: Alto | AD73: =COUNTA(M73,O73,R73,U73,X73,AA73) -> 3 | AE73: =+HYPERLINK("https://www.google.com/maps?q=" & SUBSTITUTE(L73, ",", ".") & "," & SUBSTITUTE(K73, ",", "."),"Ver en mapa") -> Ver en mapa
A74: 72 | B74: 45972 | F74: Bogotá | G74: La Candelaria | H74: Unilibre II | I74: Entregado | J74: Jenny Paola Acuña Rojas | K74: -74.075977 | L74: 4.5950901 | M74: Centro Cra 7 | N74: Bajo | O74: La Candelaria Bog | P74: Bajo | R74: Catedral Bog | S74: Medio | AD74: =COUNTA(M74,O74,R74,U74,X74,AA74) -> 3 | AE74: =+HYPERLINK("https://www.google.com/maps?q=" & SUBSTITUTE(L74, ",", ".") & "," & SUBSTITUTE(K74, ",", "."),"Ver en mapa") -> Ver en mapa
A75: 73 | B75: 45993 | F75: Bogotá | G75: Kennedy Central | H75: Kennedy Oriental | I75: Entregado | J75: Lina María Díaz | K75: -74.148495 | L75: 4.62417 | M75: Kennedy Cll 26 Bog | N75: Alto | O75: Kennedy 36 (Bog) | P75: Medio | R75: 78 Kennedy Bog | S75: Medio | AD75: =COUNTA(M75,O75,R75,U75,X75,AA75) -> 3 | AE75: =+HYPERLINK("https://www.google.com/maps?q=" & SUBSTITUTE(L75, ",", ".") & "," & SUBSTITUTE(K75, ",", "."),"Ver en mapa") -> Ver en mapa
A76: 41 | B76: 45904 | F76: Bogotá | G76: Galerias | H76: Parque Antiguo | I76: Entregado | J76: Jenny Paola Acuña Rojas | K76: -74.073599 | L76: 4.6429731 | M76: Salvador Bog | N76: Alto | O76: San Luis Bog | P76: Alto | R76: Galerias 53 Bog | S76: Alto | AD76: =COUNTA(M76,O76,R76,U76,X76,AA76) -> 3 | AE76: =+HYPERLINK("https://www.google.com/maps?q=" & SUBSTITUTE(L76, ",", ".") & "," & SUBSTITUTE(K76, ",", "."),"Ver en mapa") -> Ver en mapa
A77: 75 | B77: 45979 | F77: Bogotá | G77: San Cristobal Norte | H77: Centro Empresarial 156 | I77: Entregado | J77: Martha Lopez | K77: -74.023612 | L77: 4.7324353 | M77: North Point Bog | N77: Medio | AD77: =COUNTA(M77,O77,R77,U77,X77,AA77) -> 1 | AE77: =+HYPERLINK("https://www.google.com/maps?q=" & SUBSTITUTE(L77, ",", ".") & "," & SUBSTITUTE(K77, ",", "."),"Ver en mapa") -> Ver en mapa
A78: 76 | B78: 45980 | F78: Bogotá | G78: El Refugio | H78: Elevent Chico | I78: Entregado | J78: Martha Lopez | K78: -74.044872 | L78: 4.6792407 | M78: Calle 95 | N78: Bajo | O78: Trade Center Bog | P78: Bajo | AD78: =COUNTA(M78,O78,R78,U78,X78,AA78) -> 2 | AE78: =+HYPERLINK("https://www.google.com/maps?q=" & SUBSTITUTE(L78, ",", ".") & "," & SUBSTITUTE(K78, ",", "."),"Ver en mapa") -> Ver en mapa
A79: 77 | B79: 45980 | F79: Bogotá | G79: La Candelaria | H79: La Catedral | I79: Entregado | J79: Jenny Paola Acuña Rojas | K79: -74.075383 | L79: 4.6005518 | M79: Centro Cra 7 | N79: Bajo | AD79: =COUNTA(M79,O79,R79,U79,X79,AA79) -> 1 | AE79: =+HYPERLINK("https://www.google.com/maps?q=" & SUBSTITUTE(L79, ",", ".") & "," & SUBSTITUTE(K79, ",", "."),"Ver en mapa") -> Ver en mapa
A80: 78 | B80: 45985 | F80: Bogotá | G80: Las Nieves | H80: Veracruz | I80: Entregado | J80: Martha Lopez | K80: -74.072101 | L80: 4.6032315 | M80: Procuraduria Bog | N80: Bajo | O80: Calle 19 Bog | P80: Medio | AD80: =COUNTA(M80,O80,R80,U80,X80,AA80) -> 2 | AE80: =+HYPERLINK("https://www.google.com/maps?q=" & SUBSTITUTE(L80, ",", ".") & "," & SUBSTITUTE(K80, ",", "."),"Ver en mapa") -> Ver en mapa
A81: 79 | B81: 45994 | F81: Bogotá | G81: Santa Barbara | H81: 125 Avenue | I81: Entregado | J81: Martha Lopez | K81: -74.052147 | L81: 4.7049375 | M81: Torre Sapiencia Bog | N81: Alto | O81: Acomedica 2 Bog | P81: Alto | AD81: =COUNTA(M81,O81,R81,U81,X81,AA81) -> 2 | AE81: =+HYPERLINK("https://www.google.com/maps?q=" & SUBSTITUTE(L81, ",", ".") & "," & SUBSTITUTE(K81, ",", "."),"Ver en mapa") -> Ver en mapa
A82: 80 | B82: 45992 | F82: Bogotá | G82: Los Andes | H82: Oxxo Castellana ST | I82: Entregado | J82: Martha Lopez | K82: -74.061168 | L82: 4.6867028 | M82: Calle 100 Bog | N82: Medio | O82: Castellana Bog | P82: Medio | AD82: =COUNTA(M82,O82,R82,U82,X82,AA82) -> 2 | AE82: =+HYPERLINK("https://www.google.com/maps?q=" & SUBSTITUTE(L82, ",", ".") & "," & SUBSTITUTE(K82, ",", "."),"Ver en mapa") -> Ver en mapa
A83: 81 | B83: 46003 | F83: Bogotá | G83: Santa Barbara | H83: Argo 116 | I83: Entregado | J83: Martha Lopez | K83: -74.047095 | L83: 4.6974908 | M83: Navarra 114 Bog | N83: Medio | O83: Calle 116 Bog | P83: Alto | AD83: =COUNTA(M83,O83,R83,U83,X83,AA83) -> 2 | AE83: =+HYPERLINK("https://www.google.com/maps?q=" & SUBSTITUTE(L83, ",", ".") & "," & SUBSTITUTE(K83, ",", "."),"Ver en mapa") -> Ver en mapa
A84: 83 | B84: 46008 | F84: Bogotá | G84: Galerias | H84: Galery 53 | I84: Entregado | J84: Jenny Paola Acuña Rojas | K84: -74.07477 | L84: 4.6417738 | M84: Galerias 53 Bog | N84: Alto | O84: Galerias 28 Bog | P84: Alto | AD84: =COUNTA(M84,O84,R84,U84,X84,AA84) -> 2 | AE84: =+HYPERLINK("https://www.google.com/maps?q=" & SUBSTITUTE(L84, ",", ".") & "," & SUBSTITUTE(K84, ",", "."),"Ver en mapa") -> Ver en mapa
A85: 84 | B85: 46008 | F85: Bogotá | G85: La Candelaria | H85: La Catedral (otra) | I85: Entregado | J85: Jenny Paola Acuña Rojas | K85: -74.071287 | L85: 4.6003484 | M85: Procuraduria Bog | N85: Bajo | O85: Museo Del Oro (Bog) | P85: Bajo | R85: Eje Ambiental Bog | S85: Bajo | U85: Centro Cra 7 | V85: Bajo | X85: Catedral Bog | Y85: Alto | AA85: La Candelaria Bog | AB85: Bajo | AD85: =COUNTA(M85,O85,R85,U85,X85,AA85) -> 6 | AE85: =+HYPERLINK("https://www.google.com/maps?q=" & SUBSTITUTE(L85, ",", ".") & "," & SUBSTITUTE(K85, ",", "."),"Ver en mapa") -> Ver en mapa
A86: 85 | B86: 46021 | F86: Bogotá | G86: Niza | H86: Hacienda | I86: Entregado | J86: Leidy Viviana Mejia | K86: -74.064359 | L86: 4.7232069 | M86: Britania Bog | N86: Alto | AD86: =COUNTA(M86,O86,R86,U86,X86,AA86) -> 1 | AE86: =+HYPERLINK("https://www.google.com/maps?q=" & SUBSTITUTE(L86, ",", ".") & "," & SUBSTITUTE(K86, ",", "."),"Ver en mapa") -> Ver en mapa
A88: 89 | B88: 46045 | C88: 46048 | D88: =C88-B88 -> 3 | E88: Laura | F88: Bogotá | G88: Usaquen | H88: Oxxo Living C7 | I88: Entregado | J88: Martha Lopez | K88: -74.031905 | L88: 4.7016964 | M88: Santa Bárbara Cra. 7 | N88: Alto | AD88: =COUNTA(M88,O88,R88,U88,X88,AA88) -> 1 | AE88: =+HYPERLINK("https://www.google.com/maps?q=" & SUBSTITUTE(L88, ",", ".") & "," & SUBSTITUTE(K88, ",", "."),"Ver en mapa") -> Ver en mapa
A89: 90 | B89: 46048 | C89: 46049 | D89: =C89-B89 -> 1 | E89: Laura | F89: Bogotá | G89: El refugio | H89: El Refugio | I89: Entregado | J89: Jenny Paola Acuña Rojas | K89: -74.054278 | L89: 4.6534722 | M89: Castillo 72 | AD89: =COUNTA(M89,O89,R89,U89,X89,AA89) -> 1 | AE89: =+HYPERLINK("https://www.google.com/maps?q=" & SUBSTITUTE(#REF!, ",", ".") & "," & SUBSTITUTE(L89, ",", "."),"Ver en mapa") -> #REF!
A90: 92 | B90: =IF('Tiendas operando '!Q16="Si",'Tiendas operando '!L16," ") -> 46031 | C90: =IF('Tiendas operando '!Q16="Si",'Tiendas operando '!M16," ") -> 46041 | D90: =IF('Tiendas operando '!Q16="Si",'Tiendas operando '!N16," ") -> 10 | E90: =IF('Tiendas operando '!Q16="Si",'Tiendas operando '!O16," ") -> Isabela | F90: Bogotá | G90: CHICO LAGO | H90: =IF('Tiendas operando '!Q16="Si",'Tiendas operando '!S16," ") -> Chile 9 | I90: Entregado | J90: =IF('Tiendas operando '!Q16="Si",'Tiendas operando '!T16," ") -> Leidy Viviana Mejia | K90: =IF('Tiendas operando '!Q16="Si",'Tiendas operando '!U16," ") -> -74.056575 | L90: =IF('Tiendas operando '!Q16="Si",'Tiendas operando '!V16," ") -> 4.6558223 | M90: Nepal 73 | N90: Alto | AD90: =COUNTA(M90,O90,R90,U90,X90,AA90) -> 1 | AE90: =+HYPERLINK("https://www.google.com/maps?q=" & SUBSTITUTE(L90, ",", ".") & "," & SUBSTITUTE(K90, ",", "."),"Ver en mapa") -> Ver en mapa
A91: 93 | B91: =IF('Tiendas operando '!Q17="Si",'Tiendas operando '!L17," ") -> 46035 | C91: =IF('Tiendas operando '!Q17="Si",'Tiendas operando '!M17," ") -> 46035 | D91: =IF('Tiendas operando '!Q17="Si",'Tiendas operando '!N17," ") -> 0 | E91: =IF('Tiendas operando '!Q17="Si",'Tiendas operando '!O17," ") -> Isabela | F91: Bogotá | G91: NIZA | H91: =IF('Tiendas operando '!Q17="Si",'Tiendas operando '!S17," ") -> Jardín Norte 130 | I91: Entregado | J91: =IF('Tiendas operando '!Q17="Si",'Tiendas operando '!T17," ") -> Carlos Bolaños Díaz | K91: =IF('Tiendas operando '!Q17="Si",'Tiendas operando '!U17," ") -> -74.068682 | L91: =IF('Tiendas operando '!Q17="Si",'Tiendas operando '!V17," ") -> 4.7207878 | M91: Ciudad Jardin | N91: Alto | O91: Britania | P91: Alto | AD91: =COUNTA(M91,O91,R91,U91,X91,AA91) -> 2 | AE91: =+HYPERLINK("https://www.google.com/maps?q=" & SUBSTITUTE(L91, ",", ".") & "," & SUBSTITUTE(K91, ",", "."),"Ver en mapa") -> Ver en mapa
A92: 94 | B92: =IF('Tiendas operando '!Q18="Si",'Tiendas operando '!L18," ") -> 46036 | C92: =IF('Tiendas operando '!Q18="Si",'Tiendas operando '!M18," ") -> 46041 | D92: =IF('Tiendas operando '!Q18="Si",'Tiendas operando '!N18," ") -> 5 | E92: =IF('Tiendas operando '!Q18="Si",'Tiendas operando '!O18," ") -> Isabela | F92: Bogotá | G92: CHICO LAGO | H92: =IF('Tiendas operando '!Q18="Si",'Tiendas operando '!S18," ") -> Centro 93 | I92: Entregado | J92: =IF('Tiendas operando '!Q18="Si",'Tiendas operando '!T18," ") -> Laura Valentina Avila Gutierrez | K92: =IF('Tiendas operando '!Q18="Si",'Tiendas operando '!U18," ") -> -74.051567 | L92: =IF('Tiendas operando '!Q18="Si",'Tiendas operando '!V18," ") -> 4.6771437 | M92: Fijar 93 | N92: Bajo | O92: Chicó Norte 93 | P92: Bajo | AD92: =COUNTA(M92,O92,R92,U92,X92,AA92) -> 2 | AE92: =+HYPERLINK("https://www.google.com/maps?q=" & SUBSTITUTE(L92, ",", ".") & "," & SUBSTITUTE(K92, ",", "."),"Ver en mapa") -> Ver en mapa
A93: 95 | B93: =IF('Tiendas operando '!Q19="Si",'Tiendas operando '!L19," ") -> 46036 | C93: =IF('Tiendas operando '!Q19="Si",'Tiendas operando '!M19," ") -> 46042 | D93: =IF('Tiendas operando '!Q19="Si",'Tiendas operando '!N19," ") -> 6 | E93: =IF('Tiendas operando '!Q19="Si",'Tiendas operando '!O19," ") -> Isabela | F93: Bogotá | G93: LOS ALCAZARES | H93: =IF('Tiendas operando '!Q19="Si",'Tiendas operando '!S19," ") -> Graund Cl75 | I93: Entregado | J93: =IF('Tiendas operando '!Q19="Si",'Tiendas operando '!T19," ") -> Laura Valentina Avila Gutierrez | K93: =IF('Tiendas operando '!Q19="Si",'Tiendas operando '!U19," ") -> -74.06537 | L93: =IF('Tiendas operando '!Q19="Si",'Tiendas operando '!V19," ") -> 4.6655748 | M93: Urban District | N93: Alto | AD93: =COUNTA(M93,O93,R93,U93,X93,AA93) -> 1 | AE93: =+HYPERLINK("https://www.google.com/maps?q=" & SUBSTITUTE(L93, ",", ".") & "," & SUBSTITUTE(K93, ",", "."),"Ver en mapa") -> Ver en mapa
A94: 96 | B94: =IF('Tiendas operando '!Q20="Si",'Tiendas operando '!L20," ") -> 46037 | C94: =IF('Tiendas operando '!Q20="Si",'Tiendas operando '!M20," ") -> 46041 | D94: =IF('Tiendas operando '!Q20="Si",'Tiendas operando '!N20," ") -> 4 | E94: =IF('Tiendas operando '!Q20="Si",'Tiendas operando '!O20," ") -> Isabela | F94: Bogotá | G94: CHAPINERO | H94: =IF('Tiendas operando '!Q20="Si",'Tiendas operando '!S20," ") -> Urbano 61 | I94: Entregado | J94: =IF('Tiendas operando '!Q20="Si",'Tiendas operando '!T20," ") -> Laura Valentina Avila Gutierrez | K94: =IF('Tiendas operando '!Q20="Si",'Tiendas operando '!U20," ") -> -74.063745 | L94: =IF('Tiendas operando '!Q20="Si",'Tiendas operando '!V20," ") -> 4.6477057 | M94: Cosmos | N94: Bajo | O94: Infinitum | P94: Alto | R94: Calle 59 | S94: Alto | AD94: =COUNTA(M94,O94,R94,U94,X94,AA94) -> 3 | AE94: =+HYPERLINK("https://www.google.com/maps?q=" & SUBSTITUTE(L94, ",", ".") & "," & SUBSTITUTE(K94, ",", "."),"Ver en mapa") -> Ver en mapa
A95: 97 | B95: =IF('Tiendas operando '!Q21="Si",'Tiendas operando '!L21," ") -> 46037 | C95: =IF('Tiendas operando '!Q21="Si",'Tiendas operando '!M21," ") -> 46038 | D95: =IF('Tiendas operando '!Q21="Si",'Tiendas operando '!N21," ") -> 1 | E95: =IF('Tiendas operando '!Q21="Si",'Tiendas operando '!O21," ") -> Isabela | F95: Bogotá | G95: GALERIAS | H95: =IF('Tiendas operando '!Q21="Si",'Tiendas operando '!S21," ") -> Cabañas 63 | I95: Entregado | J95: =IF('Tiendas operando '!Q21="Si",'Tiendas operando '!T21," ") -> Jenny Paola Acuña Rojas | K95: =IF('Tiendas operando '!Q21="Si",'Tiendas operando '!U21," ") -> -74.065162 | L95: =IF('Tiendas operando '!Q21="Si",'Tiendas operando '!V21," ") -> 4.6495882 | M95: Caracas 64 | N95: Alto | AD95: =COUNTA(M95,O95,R95,U95,X95,AA95) -> 1 | AE95: =+HYPERLINK("https://www.google.com/maps?q=" & SUBSTITUTE(L95, ",", ".") & "," & SUBSTITUTE(K95, ",", "."),"Ver en mapa") -> Ver en mapa
A96: 98 | B96: =IF('Tiendas operando '!Q22="Si",'Tiendas operando '!L22," ") -> 46037 | C96: =IF('Tiendas operando '!Q22="Si",'Tiendas operando '!M22," ") -> 46038 | D96: =IF('Tiendas operando '!Q22="Si",'Tiendas operando '!N22," ") -> 1 | E96: =IF('Tiendas operando '!Q22="Si",'Tiendas operando '!O22," ") -> Isabela | F96: Bogotá | G96: TEUSAQUILLO | H96: =IF('Tiendas operando '!Q22="Si",'Tiendas operando '!S22," ") -> Centenario M45 | I96: Entregado | J96: =IF('Tiendas operando '!Q22="Si",'Tiendas operando '!T22," ") -> Jenny Paola Acuña Rojas | K96: =IF('Tiendas operando '!Q22="Si",'Tiendas operando '!U22," ") -> -74.072321 | L96: =IF('Tiendas operando '!Q22="Si",'Tiendas operando '!V22," ") -> 4.6335002 | M96: Palermo | N96: Bajo | O96: Calle 45 | P96: Bajo | AD96: =COUNTA(M96,O96,R96,U96,X96,AA96) -> 2 | AE96: =+HYPERLINK("https://www.google.com/maps?q=" & SUBSTITUTE(L96, ",", ".") & "," & SUBSTITUTE(K96, ",", "."),"Ver en mapa") -> Ver en mapa
A97: 99 | B97: =IF('Tiendas operando '!Q23="Si",'Tiendas operando '!L23," ") -> 46038 | C97: =IF('Tiendas operando '!Q23="Si",'Tiendas operando '!M23," ") -> 46043 | D97: =IF('Tiendas operando '!Q23="Si",'Tiendas operando '!N23," ") -> 5 | E97: =IF('Tiendas operando '!Q23="Si",'Tiendas operando '!O23," ") -> Isabela | F97: Bogotá | G97: CHICO LAGO | H97: =IF('Tiendas operando '!Q23="Si",'Tiendas operando '!S23," ") -> Metro I | I97: Entregado | J97: =IF('Tiendas operando '!Q23="Si",'Tiendas operando '!T23," ") -> Laura Valentina Avila Gutierrez | K97: =IF('Tiendas operando '!Q23="Si",'Tiendas operando '!U23," ") -> -74.061025 | L97: =IF('Tiendas operando '!Q23="Si",'Tiendas operando '!V23," ") -> 4.6613596 | M97: 72 Caracas | N97: Alto | O97: Heroes | P97: Alto | AD97: =COUNTA(M97,O97,R97,U97,X97,AA97) -> 2 | AE97: =+HYPERLINK("https://www.google.com/maps?q=" & SUBSTITUTE(L97, ",", ".") & "," & SUBSTITUTE(K97, ",", "."),"Ver en mapa") -> Ver en mapa
A98: 100 | B98: =IF('Tiendas operando '!Q24="Si",'Tiendas operando '!L24," ") -> 46042 | C98: =IF('Tiendas operando '!Q24="Si",'Tiendas operando '!M24," ") -> 46045 | D98: =IF('Tiendas operando '!Q24="Si",'Tiendas operando '!N24," ") -> 3 | E98: =IF('Tiendas operando '!Q24="Si",'Tiendas operando '!O24," ") -> Isabela | F98: Bogotá | G98: SAN CRISTOBAL NORTE | H98: =IF('Tiendas operando '!Q24="Si",'Tiendas operando '!S24," ") -> San Cristobal | I98: Entregado | J98: =IF('Tiendas operando '!Q24="Si",'Tiendas operando '!T24," ") -> Leidy Viviana Mejia | K98: =IF('Tiendas operando '!Q24="Si",'Tiendas operando '!U24," ") -> -74.027658 | L98: =IF('Tiendas operando '!Q24="Si",'Tiendas operando '!V24," ") -> 4.7383551 | M98: Campo Alto | N98: Alto | AD98: =COUNTA(M98,O98,R98,U98,X98,AA98) -> 1 | AE98: =+HYPERLINK("https://www.google.com/maps?q=" & SUBSTITUTE(L98, ",", ".") & "," & SUBSTITUTE(K98, ",", "."),"Ver en mapa") -> Ver en mapa
A99: 101 | B99: =IF('Tiendas operando '!Q25="Si",'Tiendas operando '!L25," ") -> 46043 | C99: =IF('Tiendas operando '!Q25="Si",'Tiendas operando '!M25," ") -> 46043 | D99: =IF('Tiendas operando '!Q25="Si",'Tiendas operando '!N25," ") -> 0 | E99: =IF('Tiendas operando '!Q25="Si",'Tiendas operando '!O25," ") -> Laura | F99: Bogotá | G99: QUINTA PAREDES | H99: =IF('Tiendas operando '!Q25="Si",'Tiendas operando '!S25," ") -> Quinta Real 40 | I99: Entregado | J99: =IF('Tiendas operando '!Q25="Si",'Tiendas operando '!T25," ") -> Lina María Díaz | K99: =IF('Tiendas operando '!Q25="Si",'Tiendas operando '!U25," ") -> -74.09069 | L99: =IF('Tiendas operando '!Q25="Si",'Tiendas operando '!V25," ") -> 4.6325044 | M99: Quinta Paredes | N99: Bajo | AD99: =COUNTA(M99,O99,R99,U99,X99,AA99) -> 1 | AE99: =+HYPERLINK("https://www.google.com/maps?q=" & SUBSTITUTE(L99, ",", ".") & "," & SUBSTITUTE(K99, ",", "."),"Ver en mapa") -> Ver en mapa
A100: 102 | B100: =IF('Tiendas operando '!Q26="Si",'Tiendas operando '!L26," ") -> 46043 | C100: =IF('Tiendas operando '!Q26="Si",'Tiendas operando '!M26," ") -> 46044 | D100: =IF('Tiendas operando '!Q26="Si",'Tiendas operando '!N26," ") -> 1 | E100: =IF('Tiendas operando '!Q26="Si",'Tiendas operando '!O26," ") -> Laura | F100: Bogotá | G100: QUINTA PAREDES | H100: =IF('Tiendas operando '!Q26="Si",'Tiendas operando '!S26," ") -> Black 24 | I100: Entregado | J100: =IF('Tiendas operando '!Q26="Si",'Tiendas operando '!T26," ") -> Lina María Díaz | K100: =IF('Tiendas operando '!Q26="Si",'Tiendas operando '!U26," ") -> -74.093821 | L100: =IF('Tiendas operando '!Q26="Si",'Tiendas operando '!V26," ") -> 4.6325199 | M100: Castillo 72 | N100: Bajo | AD100: =COUNTA(M100,O100,R100,U100,X100,AA100) -> 1 | AE100: =+HYPERLINK("https://www.google.com/maps?q=" & SUBSTITUTE(L100, ",", ".") & "," & SUBSTITUTE(K100, ",", "."),"Ver en mapa") -> Ver en mapa
A101: 103 | B101: =IF('Tiendas operando '!Q27="Si",'Tiendas operando '!L27," ") -> 46043 | C101: =IF('Tiendas operando '!Q27="Si",'Tiendas operando '!M27," ") -> 46044 | D101: =IF('Tiendas operando '!Q27="Si",'Tiendas operando '!N27," ") -> 1 | E101: =IF('Tiendas operando '!Q27="Si",'Tiendas operando '!O27," ") -> Isabela | F101: Bogotá | G101: SAN RAFAEL | H101: =IF('Tiendas operando '!Q27="Si",'Tiendas operando '!S27," ") -> Americas Grafiti | I101: Entregado | J101: =IF('Tiendas operando '!Q27="Si",'Tiendas operando '!T27," ") -> Jaime Rodrigo Gutierrez Perez | K101: =IF('Tiendas operando '!Q27="Si",'Tiendas operando '!U27," ") -> -74.116269 | L101: =IF('Tiendas operando '!Q27="Si",'Tiendas operando '!V27," ") -> 4.6277725 | M101: Rotonda 60 | N101: Bajo | AD101: =COUNTA(M101,O101,R101,U101,X101,AA101) -> 1 | AE101: =+HYPERLINK("https://www.google.com/maps?q=" & SUBSTITUTE(L101, ",", ".") & "," & SUBSTITUTE(K101, ",", "."),"Ver en mapa") -> Ver en mapa
...

Sheet ISO
A1: ISO | B1: FECHA RECEPCIÓN | C1: FECHA DE ENVÍO ISO | D1: DÍAS DE ENVÍO | E1: PRACTICANTE | F1: MEDIO (TEAMS/ CORREO) | G1: MS (SI O NO) | H1: ESTADO | I1: NOMBRE | J1: CIUDAD | K1: ESPECIALISTA | L1: LONGITUD | M1: LATITUD | N1: COMENTARIOS
A2: 1 | B2: 46029 | C2: 46030 | D2: =C2-B2 -> 1 | E2: Isabela | F2: Correo | G2: No | H2: Entregado | I2: Data 20 | J2: Bogotá | K2: Laura Valentina Avila Gutierrez | L2: -74.113164 | M2: 4.6450103
A3: 2 | B3: 46029 | C3: 46030 | D3: =C3-B3 -> 1 | E3: Isabela | F3: Correo | G3: No | H3: Entregado | I3: Esquina Alpes Pereira | J3: Pereira | K3: Leidy Viviana Mejia | L3: -75.686793 | M3: 4.8082322
A4: 3 | B4: 46029 | C4: 46036 | D4: =C4-B4 -> 7 | E4: Isabela | F4: Correo | G4: No | H4: Entregado | I4: Portal Norte | J4: Bogotá | K4: Leidy Viviana Mejia | L4: -74.045715 | M4: 4.7545843 | N4: Se estaba tomando la decisión de la manera en la que se realizarían dichas isócronas en TM
A5: 4 | B5: 46029 | C5: 46036 | D5: =C5-B5 -> 7 | E5: Isabela | F5: Correo | G5: No | H5: Entregado | I5: Portal Suba | J5: Bogotá | K5: Leidy Viviana Mejia | L5: -74.096896 | M5: 4.7465918 | N5: Se estaba tomando la decisión de la manera en la que se realizarían dichas isócronas en TM
A6: 5 | B6: 46029 | C6: 46036 | D6: =C6-B6 -> 7 | E6: Isabela | F6: Correo | G6: No | H6: Entregado | I6: Estación Heroes | J6: Bogotá | K6: Leidy Viviana Mejia | L6: -74.060929 | M6: 4.6651828 | N6: Se estaba tomando la decisión de la manera en la que se realizarían dichas isócronas en TM
A7: 6 | B7: 46029 | C7: 46036 | D7: =C7-B7 -> 7 | E7: Isabela | F7: Correo | G7: No | H7: Entregado | I7: Portal Dorado | J7: Bogotá | K7: Leidy Viviana Mejia | L7: -74.121182 | M7: 4.6812815 | N7: Se estaba tomando la decisión de la manera en la que se realizarían dichas isócronas en TM
A8: 7 | B8: 46030 | C8: 46031 | D8: =C8-B8 -> 1 | E8: Isabela | F8: Correo | G8: No | H8: Entregado | I8: La Gaitana | J8: Bogotá | K8: Alejandra Rojas Romero | L8: -74.108917 | M8: 4.742889
A9: 8 | B9: 46030 | C9: 46035 | D9: =C9-B9 -> 5 | E9: Isabela | F9: Correo | G9: No | H9: Entregado | I9: Global Andino | J9: Bogotá | K9: Jenny Paola Acuña Rojas | L9: -74.052512 | M9: 4.6659551
A10: 9 | B10: 46030 | E10: Isabela | F10: Correo | G10: No | H10: Revisión | I10: Catilla el Amparo | J10: Bogotá | K10: Laura Valentina Avila Gutierrez | L10: -74.062234 | M10: 4.6825472
A11: 10 | B11: 46030 | C11: 46031 | D11: =C11-B11 -> 1 | E11: Isabela | F11: Correo | G11: No | H11: Entregado | I11: Hospital Militar | J11: Bogotá | K11: Laura Valentina Avila Gutierrez | L11: -74.062234 | M11: 4.6825472
A12: 11 | B12: 46030 | C12: 46031 | D12: =C12-B12 -> 1 | E12: Isabela | F12: Correo | G12: No | H12: Entregado | I12: Lourdes 13 | J12: Bogotá | K12: Laura Valentina Avila Gutierrez | L12: -74.062234 | M12: 4.6825472
A13: 12 | B13: 46030 | C13: 46031 | D13: =C13-B13 -> 1 | E13: Isabela | F13: Correo | G13: No | H13: Entregado | I13: San Martin 7 | J13: Bogotá | K13: Laura Valentina Avila Gutierrez | L13: -74.062234 | M13: 4.6825472
A14: 13 | B14: 46031 | C14: 46041 | D14: =C14-B14 -> 10 | E14: Isabela | F14: Correo | G14: Si | H14: Entregado | I14: Chile 9 | J14: Bogotá | K14: Leidy Viviana Mejia | L14: -74.056575 | M14: 4.6558223 | N14: Se encontraba en espera por Estudio de Origen Destino
A15: 14 | B15: 46035 | C15: 46038 | D15: =C15-B15 -> 3 | E15: Isabela | F15: Teams | G15: No | H15: Entregado | I15: EDS Abadía | J15: Bogotá | K15: Alejandra Rojas Romero | L15: -74.029326 | M15: 4.7112117
A16: 15 | B16: 46035 | C16: 46035 | D16: =C16-B16 -> 0 | E16: Isabela | F16: Teams | G16: No | H16: Entregado | I16: Chicó Norte | J16: Bogotá | K16: Jenny Paola Acuña Rojas | L16: -74.045212 | M16: 4.678612
A17: 16 | B17: 46035 | C17: 46035 | D17: =C17-B17 -> 0 | E17: Isabela | F17: Teams | G17: No | H17: Entregado | I17: Muequetá | J17: Bogotá | K17: Jenny Paola Acuña Rojas | L17: -74.082894 | M17: 4.6491558
A18: 17 | B18: 46035 | C18: 46035 | D18: =C18-B18 -> 0 | E18: Isabela | F18: Teams | G18: Si | H18: Entregado | I18: Jardín Norte 130 | J18: Bogotá | K18: Carlos Bolaños Díaz | L18: -74.068682 | M18: 4.7207878
A19: 18 | B19: 46035 | C19: 46035 | D19: =C19-B19 -> 0 | E19: Isabela | F19: Teams | G19: No | H19: Entregado | I19: Occidente | J19: Bogotá | K19: Laura Valentina Avila Gutierrez | L19: -74.135358 | M19: 4.6290376
A20: 19 | B20: 46035 | C20: 46036 | D20: =C20-B20 -> 1 | E20: Isabela | F20: Teams | G20: No | H20: Entregado | I20: Mazuren 150 | J20: Bogotá | K20: Carlos Bolaños Díaz | L20: -74.050222 | M20: 4.7316759
A21: 20 | B21: 46035 | C21: 46036 | D21: =C21-B21 -> 1 | E21: Isabela | F21: Teams | G21: No | H21: Entregado | I21: Oxxo Calle 138 | J21: Bogotá | K21: Carlos Bolaños Díaz | L21: -74.055401 | M21: 4.7250056
A22: 21 | B22: 46035 | C22: 46036 | D22: =C22-B22 -> 1 | E22: Isabela | F22: Teams | G22: No | H22: Entregado | I22: Torre Azul | J22: Bogotá | K22: Laura Valentina Avila Gutierrez | L22: -74.047446 | M22: 4.6835835
A23: 22 | B23: 46035 | C23: 46036 | D23: =C23-B23 -> 1 | E23: Isabela | F23: Teams | G23: No | H23: Entregado | I23: Llarco 116 | J23: Bogotá | K23: Martha Lopez | L23: -74.069417 | M23: 4.6986397
A24: 23 | B24: 46035 | C24: 46036 | D24: =C24-B24 -> 1 | E24: Isabela | F24: Teams | G24: No | H24: Entregado | I24: Zentia 125 | J24: Bogotá | K24: Martha Lopez | L24: -74.053334 | M24: 4.7052032
A25: 24 | B25: 46035 | C25: 46036 | D25: =C25-B25 -> 1 | E25: Isabela | F25: Teams | G25: No | H25: Entregado | I25: La insignia 122 | J25: Bogotá | K25: Martha Lopez | L25: -74.046884 | M25: 4.7012203
A26: 25 | B26: 46035 | C26: 46036 | D26: =C26-B26 -> 1 | E26: Isabela | F26: Teams | G26: No | H26: Entregado | I26: Delivery 119 | J26: Bogotá | K26: Martha Lopez | L26: -74.037261 | M26: 4.6982852
... A51: 50 | B51: 46043 | C51: 46043 | D51: =C51-B51 -> 0 | E51: Isabela | F51: Teams | G51: No | H51: Entregado | I51: Malecon II | J51: Barranquilla | K51: Jaime Rodrigo Gutierrez Perez | L51: -74.792927 | M51: 11.020192
A52: 51 | B52: 46043 | C52: 46050 | D52: =C52-B52 -> 7 | E52: Isabela | F52: Teams | G52: No | H52: Entregado | I52: Bodega Quintal | J52: Barranquilla | K52: Jaime Rodrigo Gutierrez Perez | L52: -74.795078 | M52: 11.021694 | N52: Esta me la pidió Jaime, pero luego Leidy me la pidió nuevamente y se le envió el 28/01
A53: 52 | B53: 46043 | C53: 46044 | D53: =C53-B53 -> 1 | E53: Isabela | F53: Teams | G53: No | H53: Entregado | I53: Academia 24 | J53: Bogotá | K53: Laura Valentina Avila Gutierrez | L53: -74.122667 | M53: 4.6689714
A54: 53 | B54: 46043 | C54: 46045 | D54: =C54-B54 -> 2 | E54: Isabela | F54: Teams | G54: No | H54: Entregado | I54: Malecon 72 | J54: Barranquilla | K54: Jaime Rodrigo Gutierrez Perez | L54: -74.785153 | M54: 11.012234
A55: 54 | B55: 46043 | C55: 46043 | D55: =C55-B55 -> 0 | E55: Laura | F55: Teams | G55: Si | H55: Entregado | I55: Quinta Real 40 | J55: Bogotá | K55: Lina María Díaz | L55: -74.09069 | M55: 4.6325044
A56: 55 | B56: 46043 | C56: 46043 | D56: =C56-B56 -> 0 | E56: Laura | F56: Correo | G56: No | H56: Entregado | I56: Ortezal 44 | J56: Bogotá | K56: Lina María Díaz | L56: -74.099507 | M56: 4.6291255
A57: 56 | B57: 46043 | C57: 46044 | D57: =C57-B57 -> 1 | E57: Laura | F57: Correo | G57: Si | H57: Entregado | I57: Black 24 | J57: Bogotá | K57: Lina María Díaz | L57: -74.093821 | M57: 4.6325199
A58: 57 | B58: 46043 | C58: 46044 | D58: =C58-B58 -> 1 | E58: Laura | F58: Teams | G58: No | H58: Entregado | I58: Metro estación Niquia | J58: Medellín | K58: Valencia Marin Valentina | L58: -75.54407 | M58: 6.33781
A59: 58 | B59: 46043 | C59: 46044 | D59: =C59-B59 -> 1 | E59: Isabela | F59: Correo | G59: Si | H59: Entregado | I59: Americas Grafiti | J59: Bogotá | K59: Jaime Rodrigo Gutierrez Perez | L59: -74.116269 | M59: 4.6277725
A60: 59 | B60: 46043 | C60: 46044 | D60: =C60-B60 -> 1 | E60: Laura | F60: Correo | G60: No | H60: Entregado | I60: Plaza Zuca | J60: Cota | K60: Valencia Marin Valentina | L60: -74.15189 | M60: 4.7549167
A61: 61 | B61: 46043 | C61: 46048 | D61: =C61-B61 -> 5 | E61: Laura | F61: Correo | G61: No | H61: Entregado | I61: Metro estación San Antonio | J61: Medellín | K61: Valencia Marin Valentina | L61: -75.569874 | M61: 6.2472344
A62: 60 | B62: 46044 | C62: 46045 | D62: =C62-B62 -> 1 | E62: Isabela | F62: Correo | G62: No | H62: Entregado | I62: Zona 53 | J62: Bogotá | K62: Jenny Paola Acuña Rojas | L62: -74.076707 | M62: 4.6424582
A63: 62 | B63: 46045 | C63: 46048 | D63: =C63-B63 -> 3 | E63: Laura | F63: Correo | G63: No | H63: Entregado | I63: Oxxo Barbara 116 | J63: Bogotá | K63: Martha Lopez | L63: -74.042805 | M63: 4.6978625
A64: 63 | B64: 46045 | C64: 46048 | D64: =C64-B64 -> 3 | E64: Isabela | F64: Correo | G64: Si | H64: Entregado | I64: Parque Chapinero | J64: Bogotá | K64: Laura Valentina Avila Gutierrez | L64: -74.060626 | M64: 4.6483148
... A94: 93 | B94: 46055 | C94: 46059 | D94: =C94-B94 -> 4 | E94: Isabela | F94: Correo | G94: Si | H94: Entregado | I94: Quince | J94: Bogotá | K94: Jaime Rodrigo Gutierrez Perez | L94: -74.059255 | M94: 4.662487
A95: 94 | B95: 46055 | C95: 46058 | D95: =C95-B95 -> 3 | E95: Isabela | F95: Correo | G95: Si | H95: Entregado | I95: Punto 72 | J95: Bogotá | K95: Jaime Rodrigo Gutierrez Perez | L95: =M95 -> 4.6966203 | M95: 4.6966203
A96: 95 | B96: 46055 | C96: 46059 | D96: =C96-B96 -> 4 | E96: Isabela | F96: Correo | G96: Si | H96: Entregado | I96: Once setenta y dos | J96: Bogotá | K96: Jaime Rodrigo Gutierrez Perez | L96: -74.059219 | M96: 4.657306
A97: 96 | B97: 46055 | C97: 46055 | D97: =C97-B97 -> 0 | E97: Isabela | F97: Correo | G97: No | H97: Entregado | I97: Fontibon Kr 100 | J97: Bogotá | K97: Laura Valentina Avila Gutierrez | L97: -74.140202 | M97: 4.6772838
A98: 97 | B98: 46055 | C98: 46055 | D98: =C98-B98 -> 0 | E98: Isabela | F98: Correo | G98: No | H98: Entregado | I98: Esperanza 24 | J98: Bogotá | K98: Laura Valentina Avila Gutierrez | L98: -74.133733 | M98: 4.6818687
A99: 98 | B99: 46055 | C99: 46056 | D99: =C99-B99 -> 1 | E99: Isabela | F99: Correo | G99: Si | H99: Entregado | I99: Torre 40/13 | J99: Bogotá | K99: Laura Valentina Avila Gutierrez | L99: -74.067326 | M99: 4.6275109
A100: 99 | B100: 46055 | C100: 46056 | D100: =C100-B100 -> 1 | E100: Isabela | F100: Teams | G100: No | H100: Entregado | I100: Show Palace | J100: Bogotá | K100: Alejandra Rojas Romero | L100: -74.027002 | M100: 4.7232699
A101: 100 | B101: 46055 | C101: 46057 | D101: =C101-B101 -> 2 | E101: Isabela | F101: Teams | G101: Si | H101: Entregado | I101: Zula | J101: Bogotá | K101: Alejandra Rojas Romero | L101: -74.031138 | M101: 4.6969266
A102: 101 | B102: 46055 | C102: 46057 | D102: =C102-B102 -> 2 | E102: Isabela | F102: Teams | G102: Si | H102: Entregado | I102: Toberín 164 | J102: Bogotá | K102: Alejandra Rojas Romero | L102: -74.046978 | M102: 4.7453554
A103: 102 | B103: 46055 | C103: 46056 | D103: =C103-B103 -> 1 | E103: Laura | F103: Teams | G103: No | H103: Entregado | I103: Metro estación Universidad | J103: Medellín | K103: Valencia Marin Valentina | L103: -75.566405 | M103: 6.2697388
A104: 103 | B104: 46056 | C104: 46058 | D104: =C104-B104 -> 2 | E104: Isabela | F104: Correo | G104: No | H104: Entregado | I104: Matuna | J104: Cartagena | K104: Laura Valentina Avila Gutierrez | L104: -75.548446 | M104: 10.423376
A105: 104 | B105: 46056 | C105: 46059 | D105: =C105-B105 -> 3 | E105: Isabela | F105: Correo | G105: No | H105: Entregado | I105: Moll Cr 2 | J105: Cartagena | K105: Laura Valentina Avila Gutierrez | L105: -75.551699 | M105: 10.407228
A106: 105 | B106: 46057 | C106: 46059 | D106: =C106-B106 -> 2 | E106: Isabela | F106: Correo | G106: No | H106: Entregado | I106: Getsemaní | J106: Cartagena | K106: Laura Valentina Avila Gutierrez | L106: -75.544246 | M106: 10.422742
A107: 106 | B107: 46057 | C107: 46059 | D107: =C107-B107 -> 2 | E107: Isabela | F107: Correo | G107: No | H107: Entregado | I107: De la cruz | J107: Cartagena | K107: Laura Valentina Avila Gutierrez | L107: -75.546291 | M107: 10.426185
... A113: 112 | B113: 46057 | C113: 46062 | D113: =C113-B113 -> 5 | E113: Isabela | F113: Teams | G113: No | H113: Entregado | I113: Manga | J113: Cartagena | K113: Laura Valentina Avila Gutierrez | L113: -75.536547 | M113: 10.411681
A114: 113 | B114: 46057 | C114: 46064 | E114: Isabela | F114: Teams | G114: No | H114: Entregado | I114: Torre del reloj | J114: Cartagena | K114: Laura Valentina Avila Gutierrez | L114: -75.54932 | M114: 10.423408
A115: 114 | B115: 46058 | C115: 46064 | E115: Isabela | F115: Teams | G115: No | H115: Entregado | I115: Lozano | J115: Cartagena | K115: Laura Valentina Avila Gutierrez | L115: -75.549945 | M115: 10.423471
A116: 115 | B116: 46058 | C116: 46063 | D116: =C116-B116 -> 5 | E116: Isabela | F116: Teams | G116: Si | H116: Entregado | I116: Traslado Cosmos | J116: Bogotá | K116: Laura Valentina Avila Gutierrez | L116: -74.063382 | M116: 4.6506721
A117: 116 | B117: 46058 | C117: 46064 | E117: Isabela | F117: Teams | G117: No | H117: Entregado | I117: Spring 19 | J117: Bogotá | K117: Laura Valentina Avila Gutierrez | L117: -74.073777 | M117: 4.6065557
A118: 117 | B118: 46059 | C118: 46062 | D118: =C118-B118 -> 3 | E118: Isabela | F118: Teams | G118: Si | H118: Entregado | I118: Fontibon Centro | J118: Bogotá | K118: Laura Valentina Avila Gutierrez | L118: -74.144338 | M118: 4.6742181
A119: 118 | B119: 46059 | C119: 46062 | D119: =C119-B119 -> 3 | E119: Isabela | F119: Teams | G119: Si | H119: Entregado | I119: Fontibon Parque | J119: Bogotá | K119: Laura Valentina Avila Gutierrez | L119: -74.143321 | M119: 4.675256
A120: 119 | B120: 46062 | C120: 46065 | D120: =C120-B120 -> 3 | E120: Isabela | F120: Teams | G120: Si | H120: Entregado | I120: Eje 63 | J120: Bogotá | K120: Laura Valentina Avila Gutierrez | L120: -74.060304 | M120: 4.6482781
A121: 120 | B121: 46062 | C121: 46064 | D121: =C121-B121 -> 2 | E121: Isabela | F121: Teams | G121: Si | H121: Entregado | I121: Unicamacho | J121: Cali | K121: Leidy Viviana Mejia | L121: -76.527482 | M121: 3.470999
A122: 121 | B122: 46062 | C122: 46064 | D122: =C122-B122 -> 2 | E122: Isabela | F122: Teams | G122: No | H122: Entregado | I122: Mall 52 | J122: Cali | K122: Leidy Viviana Mejia | L122: -76.547115 | M122: 3.4132603
A123: 122 | B123: 46062 | C123: 46064 | D123: =C123-B123 -> 2 | E123: Isabela | F123: Teams | G123: No | H123: Entregado | I123: Sentry 68 | J123: Bogotá | K123: Leidy Viviana Mejia | L123: -74.088784 | M123: 4.6719077
A124: 123 | B124: 46062 | C124: 46065 | D124: =C124-B124 -> 3 | E124: Isabela | F124: Teams | G124: No | H124: Entregado | I124: Plaza Aventura | J124: Bogotá | K124: Leidy Viviana Mejia | L124: -74.136917 | M124: 4.6201708
A125: 124 | B125: 46062 | C125: 46065 | D125: =C125-B125 -> 3 | E125: Isabela | F125: Teams | G125: Si | H125: Entregado | I125: Americas Industrial | J125: Bogotá | K125: Jaime Rodrigo Gutierrez Perez | L125: -74.097381 | M125: 4.6248323
A126: 125 | B126: 46062 | C126: 46064 | D126: =C126-B126 -> 2 | E126: Isabela | F126: Teams | G126: Si | H126: Entregado | I126: 90/9 | J126: Bogotá | K126: Jaime Rodrigo Gutierrez Perez | L126: -74.047263 | M126: 4.6833535
A127: 126 | B127: 46062 | C127: 46065 | D127: =C127-B127 -> 3 | E127: Isabela | F127: Teams | G127: Si | H127: Entregado | I127: Business 93 | J127: Bogotá | K127: Jaime Rodrigo Gutierrez Perez | L127: -74.050883 | M127: 4.6784452
A128: 131 | B128: 46062 | C128: 46064 | D128: =C128-B128 -> 2 | E128: Laura | F128: Teams | G128: Si | H128: Entregado | I128: Restrepo 18 | J128: Bogotá | K128: Lina María Díaz | L128: -74.100055 | M128: 4.5837383 | N128: Se envió isocrona via teams, quedo pendiente confirmación de ms
A129: 132 | B129: 46062 | C129: 46064 | D129: =C129-B129 -> 2 | E129: Laura | F129: Teams | G129: No | H129: Entregado | I129: Liston 19 | J129: Bogotá | K129: Lina María Díaz | L129: -74.083199 | M129: 4.6146082 | N129: Se envió isocrona via teams, quedo pendiente confirmación de ms
A130: 133 | B130: 46062 | C130: 46064 | D130: =C130-B130 -> 2 | E130: Laura | F130: Teams | G130: Si | H130: Entregado | I130: Chapinero Norte | J130: Bogotá | K130: Lina María Díaz | L130: -74.06204 | M130: 4.6501793 | N130: Se envió isocrona via teams, quedo pendiente confirmación de ms
A131: 127 | B131: 46063 | D131: =C131-B131 -> -46063 | E131: Isabela | F131: Teams | H131: Solicitado | I131: U simon bolivar | J131: Barranquilla | K131: Leidy Viviana Mejia | L131: -74.792029 | M131: 10.995144 | N131: Las ubicaciones enviadas no son claras, entonces el 12/02 se le envían imágenes para confirmar el punto
A132: 128 | B132: 46063 | D132: =C132-B132 -> -46063 | E132: Isabela | F132: Teams | H132: Solicitado | I132: Casa Olimpica | J132: Barranquilla | K132: Leidy Viviana Mejia | L132: -74.79168 | M132: 10.994664 | N132: Las ubicaciones enviadas no son claras, entonces el 12/02 se le envían imágenes para confirmar el punto
A133: 129 | B133: 46063 | D133: =C133-B133 -> -46063 | E133: Isabela | F133: Teams | H133: Solicitado | I133: Uniapoyo | J133: Barranquilla | K133: Leidy Viviana Mejia | L133: -74.79171 | M133: 10.993131 | N133: Las ubicaciones enviadas no son claras, entonces el 12/02 se le envían imágenes para confirmar el punto
A134: 130 | B134: 46063 | C134: 46065 | D134: =C134-B134 -> 2 | E134: Isabela | F134: Teams | G134: No | H134: Entregado | I134: Gran Boulevard | J134: Barranquilla | K134: Leidy Viviana Mejia | L134: -74.83624 | M134: 11.014341
A135: 134 | B135: 46063 | C135: 46065 | D135: =C135-B135 -> 2 | E135: Laura | F135: Teams | G135: No | H135: Entregado | I135: Suramericana | J135: Medellín | K135: Valencia Marin Valentina | L135: -75.580098 | M135: 6.255582
A136: 136 | B136: 46063 | C136: 46065 | D136: =C136-B136 -> 2 | E136: Laura | F136: Teams | G136: No | H136: Entregado | I136: Santa Paula 109 | J136: Bogotá | K136: Martha Lopez | L136: -74.043934 | M136: 4.6922881
A137: 139 | B137: 46063 | C137: 46065 | D137: =C137-B137 -> 2 | E137: Laura | F137: Teams | G137: No | H137: Entregado | I137: Bocareserva | J137: Bogotá | K137: Martha Lopez | L137: -74.062365 | M137: 4.7238411
A138: 140 | B138: 46063 | C138: 46065 | D138: =C138-B138 -> 2 | E138: Laura | F138: Teams | G138: No | H138: Entregado | I138: Canton 106 | J138: Bogotá | K138: Martha Lopez | L138: -74.039684 | M138: 4.6882083
A139: 137 | B139: 46064 | C139: 46065 | D139: =C139-B139 -> 1 | E139: Isabela | F139: Teams | G139: No | H139: Entregado | I139: Oxxo San José 134 | J139: Bogotá | K139: Carlos Bolaños Díaz | L139: -74.062387 | M139: 4.7239638
A140: 138 | B140: 46064 | C140: 46065 | D140: =C140-B140 -> 1 | E140: Isabela | F140: Teams | G140: Si | H140: Entregado | I140: Iberia 134 | J140: Bogotá | K140: Carlos Bolaños Díaz | L140: -74.068081 | M140: 4.7242568
A141: 143 | B141: 46064 | C141: 46066 | D141: =C141-B141 -> 2 | E141: Laura | F141: Correo | G141: Si | H141: Entregado | I141: Cafam 53 | J141: Bogotá | K141: Jenny Paola Acuña Rojas | L141: -74.06862 | M141: 4.6391193
A142: 135 | B142: 46065 | C142: 46065 | D142: =C142-B142 -> 0 | E142: Isabela | F142: Teams | G142: No | H142: Entregado | I142: Patios | J142: Bogotá | K142: Leidy Viviana Mejia | L142: -74.046317 | M142: 4.6646831
A143: 141 | B143: 46065 | C143: 46066 | D143: =C143-B143 -> 1 | E143: Isabela | F143: Teams | G143: No | H143: Entregado | I143: Sabana 167 | J143: Bogotá | K143: Laura Valentina Avila Gutierrez | L143: -74.064668 | M143: 4.7506488 | N143: La solicitó a las 6:19pm del 12/02, se le envía a las 8:25am del 13/02
A144: 142 | B144: 46065 | C144: 46066 | D144: =C144-B144 -> 1 | E144: Laura | F144: Teams | G144: No | H144: Entregado | I144: Torre 116 | J144: Bogotá | K144: Martha Lopez | L144: -74.044601 | M144: 4.6967003 | N144: Se envió isocrona via teams, quedo pendiente confirmación de ms
A145: 144 | B145: 46066 | C145: 46066 | D145: =C145-B145 -> 0 | E145: Isabela | F145: Teams | G145: No | H145: Entregado | I145: Industrial 68 | J145: Bogotá | K145: Laura Valentina Avila Gutierrez | L145: -74.112289 | M145: 4.6437537
A146: 145 | B146: 46066 | C146: 46066 | D146: =C146-B146 -> 0 | E146: Isabela | F146: Correo | G146: No | H146: Entregado | I146: Paloblanco 72 | J146: Bogotá | K146: Jaime Rodrigo Gutierrez | L146: -74.09319 | M146: 4.6852792
A147: 146 | B147: 46066 | C147: 46069 | D147: =C147-B147 -> 3 | E147: Isabela | F147: Correo | G147: Si | H147: Entregado | I147: Riviera Park 93 | J147: Bogotá | K147: Jaime Rodrigo Gutierrez | L147: -74.049123 | M147: 4.676616
A148: 147 | B148: 46066 | C148: 46069 | D148: =C148-B148 -> 3 | E148: Laura | F148: Teams | G148: No | H148: Entregado | I148: Calle Colombia | J148: Medellín | K148: Valencia Marin Valentina | L148: -75.580408 | M148: 6.2560663
A149: 148 | B149: 46066 | C149: 46069 | D149: =C149-B149 -> 3 | E149: Laura | F149: Teams | G149: No | H149: Entregado | I149: Global Center AV 19 | J149: Bogotá | K149: Martha Lopez | L149: -74.049865 | M149: 4.7025244
A150: 149 | B150: 46069 | C150: 46069 | D150: =C150-B150 -> 0 | E150: Laura | F150: Teams | G150: No | H150: Entregado | I150: EDS Av 6a. Norte | J150: Bogotá | K150: Martha Lopez | L150: -76.525769 | M150: 3.4791763
A151: 150 | B151: 46069 | C151: 46071 | D151: =C151-B151 -> 2 | E151: Laura | F151: Teams | G151: No | H151: Entregado | I151: Global BC 19 | J151: Bogotá | K151: Martha Lopez | L151: -76.52601 | M151: 3.4801825
A152: 151 | B152: 46069 | C152: 46069 | D152: =C152-B152 -> 0 | E152: Laura | F152: Teams | G152: No | H152: Entregado | I152: Davinci Alsacia | J152: Bogotá | K152: Lina María Díaz | L152: -74.125615 | M152: 4.6412611
A153: 152 | B153: 46069 | C153: 46069 | D153: =C153-B153 -> 0 | E153: Laura | F153: Teams | G153: No | H153: Entregado | I153: Santa Sofia | J153: Bogotá | K153: Jenny Paola Acuña Rojas | L153: -74.064005 | M153: 4.6684275
A154: 153 | B154: 46069 | C154: 46069 | D154: =C154-B154 -> 0 | E154: Isabela | F154: Teams | G154: No | H154: Entregado | I154: Parque Usaquen | J154: Bogotá | K154: Alejandra Rojas Romero | L154: -74.031491 | M154: 4.694741
A155: 154 | B155: 46069 | C155: 46070 | D155: =C155-B155 -> 1 | E155: Isabela | F155: Correo | G155: No | H155: Entregado | I155: Mesitas Parque | J155: El Colegio | K155: Jaime Rodrigo Gutierrez | L155: -74.4462 | M155: 4.583666
A156: 155 | B156: 46069 | C156: 46070 | D156: =C156-B156 -> 1 | E156: Isabela | F156: Correo | G156: No | H156: Entregado | I156: El Espinal | J156: Bogotá | K156: Jaime Rodrigo Gutierrez | L156: -74.884141 | M156: 4.1531572
... A159: 158 | B159: 46071 | C159: 46071 | D159: =C159-B159 -> 0 | E159: Isabela | F159: Teams | G159: No | H159: Entregado | I159: Septima Avenida | J159: Bogotá | K159: Alejandra Rojas Romero | L159: -74.024436 | M159: 4.7342705
A160: 159 | B160: 46072 | C160: 46072 | D160: =C160-B160 -> 0 | E160: Laura | F160: Teams | G160: No | H160: Entregado | I160: Casa Doctorado | J160: Bogotá | K160: Jenny Paola Acuña Rojas | L160: -74.070245 | M160: 4.5965749 | N160: Se envió isocrona via teams, quedo pendiente confirmación de ms
...

Sheet Tiendas operando 
A1: CR | B1: Tienda | C1: UPZ
A2: 50WHX | B2: 140 | C2: AEROPUERTO EL DORADO | G2: Estado
A3: 505ST | B3: 724 | C3: ALAMOS | G3: Solicitado
A4: 50QK2 | B4: 1ero De Mayo | C4: AMERICAS | G4: Revisión
A5: 50VEG | B5: 72 Caracas | C5: APOGEO | G5: Entregado
A6: 50EXM | B6: 72 Castilla | C6: ARBORIZADORA
A7: 50WLE | B7: 73 Kennedy | C7: BAVARIA
A8: 50JA1 | B8: 78 Kennedy | C8: BOLIVIA | G8: Especialistas
A9: 505TQ | B9: Acacias | C9: BOSA CENTRAL | G9: Laura Valentina Avila Gutierrez
A10: 509BS | B10: Acomedica 2 | C10: BOYACA REAL | G10: Jury Carolina Gonzalez | J10: Practicantes | L10: Medio | N10: MS
A11: 502B0 | B11: Acuarela | C11: BRITALIA | G11: Alejandra Rojas Romero | J11: Juan | L11: Correo | N11: Si
A12: 50IHY | B12: Afe Refugio | C12: CALANDAIMA | G12: Cindy Torres | J12: Alisson | L12: Teams | N12: No
A13: 505DL | B13: Agustin | C13: CAPELLANIA | G13: Walter Santiago Quintero | J13: Elanie
A14: 50T5A | B14: Alameda De Unicentro | C14: CARVAJAL | G14: Andres Duque
A15: 50UPU | B15: Alamos 90 | C15: CASA BLANCA SUBA | G15: Jhoana Jaimes
A16: 50FZH | B16: Alamos Industrial | C16: CASTILLA | G16: Lina María Díaz | L16: 46031 | M16: 46041 | N16: 10 | O16: Isabela | P16: Correo | Q16: Si | R16: Entregado | S16: Chile 9 | T16: Leidy Viviana Mejia | U16: -74.056575 | V16: 4.6558223
A17: 50TWU | B17: Alamos Norte | C17: CHAPINERO | G17: Jenny Paola Acuña Rojas | L17: 46035 | M17: 46035 | N17: 0 | O17: Isabela | P17: Teams | Q17: Si | R17: Entregado | S17: Jardín Norte 130 | T17: Carlos Bolaños Díaz | U17: -74.068682 | V17: 4.7207878
A18: 50WJD | B18: Alcabama 100 | C18: CHICO LAGO | G18: Jairo Delagado Pineda | L18: 46036 | M18: 46041 | N18: 5 | O18: Isabela | P18: Correo | Q18: Si | R18: Entregado | S18: Centro 93 | T18: Laura Valentina Avila Gutierrez | U18: -74.051567 | V18: 4.6771437
A19: 50IOP | B19: Alcala | C19: CIUDAD JARDIN | G19: Leidy Viviana Mejia | L19: 46036 | M19: 46042 | N19: 6 | O19: Isabela | P19: Correo | Q19: Si | R19: Entregado | S19: Graund Cl75 | T19: Laura Valentina Avila Gutierrez | U19: -74.06537 | V19: 4.6655748
A20: 503Z7 | B20: Aldea Comercial | C20: CIUDAD MONTES | G20: Laura Vecino Marrugo | L20: 46037 | M20: 46041 | N20: 4 | O20: Isabela | P20: Correo | Q20: Si | R20: Entregado | S20: Urbano 61 | T20: Laura Valentina Avila Gutierrez | U20: -74.063745 | V20: 4.6477057
A21: 50K6C | B21: Alfonso Lopez | C21: CIUDAD SALITRE OCCIDENTAL | G21: Maria Alejandra Ardila Sanchez | L21: 46037 | M21: 46038 | N21: 1 | O21: Isabela | P21: Correo | Q21: Si | R21: Entregado | S21: Cabañas 63 | T21: Jenny Paola Acuña Rojas | U21: -74.065162 | V21: 4.6495882
A22: 50HZJ | B22: Almacentro | C22: CIUDAD SALITRE ORIENTAL | G22: Paola Cardona | L22: 46037 | M22: 46038 | N22: 1 | O22: Isabela | P22: Correo | Q22: Si | R22: Entregado | S22: Centenario M45 | T22: Jenny Paola Acuña Rojas | U22: -74.072321 | V22: 4.6335002
A23: 50L8W | B23: Alonso Calle 19 | C23: COUNTRY CLUB | G23: Martha Lopez | L23: 46038 | M23: 46043 | N23: 5 | O23: Isabela | P23: Correo | Q23: Si | R23: Entregado | S23: Metro I | T23: Laura Valentina Avila Gutierrez | U23: -74.061025 | V23: 4.6613596
A24: 50SKG | B24: Alsacia | C24: DOCE DE OCTUBRE | G24: Carlos Bolaños Díaz | L24: 46042 | M24: 46045 | N24: 3 | O24: Isabela | P24: Correo | Q24: Si | R24: Entregado | S24: San Cristobal | T24: Leidy Viviana Mejia | U24: -74.027658 | V24: 4.7383551
A25: 50P88 | B25: Alta Suiza | C25: EL PRADO | G25: Jaime Rodrigo Gutierrez | L25: 46043 | M25: 46043 | N25: 0 | O25: Laura | P25: Teams | Q25: Si | R25: Entregado | S25: Quinta Real 40 | T25: Lina María Díaz | U25: -74.09069 | V25: 4.6325044
A26: 50PT8 | B26: Altavista | C26: EL REFUGIO | L26: 46043 | M26: 46044 | N26: 1 | O26: Laura | P26: Correo | Q26: Si | R26: Entregado | S26: Black 24 | T26: Lina María Díaz | U26: -74.093821 | V26: 4.6325199
A27: 505N0 | B27: Alto Prado 49C | C27: EL RINCON | G27: Riesgo | L27: 46043 | M27: 46044 | N27: 1 | O27: Isabela | P27: Correo | Q27: Si | R27: Entregado | S27: Americas Grafiti | T27: Jaime Rodrigo Gutierrez Perez | U27: -74.116269 | V27: 4.6277725
A28: 50L9T | B28: Alto Prado 76 | C28: ENGATIVA | G28: Alto | L28: 46044 | M28: 46045 | N28: 1 | O28: Isabela | P28: Correo | Q28: Si | R28: Entregado | S28: Zona 53 | T28: Jenny Paola Acuña Rojas | U28: -74.076707 | V28: 4.6424582
A29: 50YHD | B29: Altos De Cabecera 2 | C29: FONTIBON | G29: Medio | L29: 46045 | M29: 46048 | N29: 3 | O29: Isabela | P29: Correo | Q29: Si | R29: Entregado | S29: Parque Chapinero | T29: Laura Valentina Avila Gutierrez | U29: -74.060626 | V29: 4.6483148
A30: 50Y4E | B30: Altos Del Ciclista | C30: GALERIAS | G30: Bajo | L30: 46048 | M30: 46049 | N30: 1 | O30: Isabela | P30: Correo | Q30: Si | R30: Entregado | S30: Indigo 93 | T30: Jaime Rodrigo Gutierrez Perez | U30: -74.049669 | V30: 4.6780024
A31: 501YH | B31: America Occidental | C31: GARCES NAVAS | L31: 46048 | M31: 46050 | N31: 2 | O31: Isabela | P31: Correo | Q31: Si | R31: Entregado | S31: 72 Kuepa | T31: Jaime Rodrigo Gutierrez Perez | U31: -74.060628 | V31: 4.6587166
A32: 50417 | B32: Américas 72 | C32: GRAN BRITALIA | L32: 46050 | M32: 46051 | N32: 1 | O32: Laura | P32: Teams | Q32: Si | R32: Entregado | S32: Torre C | T32: Lina María Díaz | U32: -74.07009 | V32: 4.6104702
A33: 50VOZ | B33: Américas Boyacá | C33: GRANJAS DE TECHO | L33: 46050 | M33: 46051 | N33: 1 | O33: Laura | P33: Teams | Q33: Si | R33: Entregado | S33: Oxxo Registraduría Usaquén | T33: Martha Lopez | U33: -74.030152 | V33: 4.698664
A34: 50IP7 | B34: Anillo Vial | C34: ISMAEL PERDOMO | L34: 46051 | M34: 46051 | N34: 0 | O34: Laura | P34: Teams | Q34: Si | R34: Entregado | S34: Unindustriales | T34: Jenny Paola Acuña Rojas | U34: -74.070584 | V34: 4.6381721
A35: 502XT | B35: Antigua | C35: JARDIN BOTANICO | L35: 46055 | M35: 46056 | N35: 1 | O35: Isabela | P35: Correo | Q35: Si | R35: Entregado | S35: Centro 93 | T35: Jaime Rodrigo Gutierrez Perez | U35: -74.051643 | V35: 4.6769549
A36: 50OMJ | B36: Aquazul | C36: KENNEDY CENTRAL | L36: 46055 | M36: 46056 | N36: 1 | O36: Isabela | P36: Correo | Q36: Si | R36: Entregado | S36: Occi-plus | T36: Jaime Rodrigo Gutierrez Perez | U36: -74.135365 | V36: 4.6291257
A37: 50CV4 | B37: Arbolatta Mall | C37: LA ALHAMBRA | L37: 46055 | M37: 46057 | N37: 2 | O37: Isabela | P37: Correo | Q37: Si | R37: Entregado | S37: Septima setenta | T37: Jaime Rodrigo Gutierrez Perez | U37: -74.056607 | V37: 4.6530127
A38: 50R0P | B38: Arrayanes | C38: LA CANDELARIA | L38: 46055 | M38: 46057 | N38: 2 | O38: Isabela | P38: Correo | Q38: Si | R38: Entregado | S38: Centro 93 parking | T38: Jaime Rodrigo Gutierrez Perez | U38: -74.050829 | V38: 4.6773687
A39: 50B6R | B39: Arrecife | C39: LA ESMERALDA | L39: 46055 | M39: 46057 | N39: 2 | O39: Isabela | P39: Correo | Q39: Si | R39: Entregado | S39: Kennedy Cade | T39: Jaime Rodrigo Gutierrez Perez | U39: -74.153979 | V39: 4.6232006
A40: 50ZFN | B40: Asturias | C40: LA FLORESTA | L40: 46055 | M40: 46058 | N40: 3 | O40: Isabela | P40: Correo | Q40: Si | R40: Entregado | S40: Lago 82-15 | T40: Jaime Rodrigo Gutierrez Perez | U40: -74.056672 | V40: 4.6674207
A41: 504EU | B41: Atabanza | C41: LA MACARENA | L41: 46055 | M41: 46059 | N41: 4 | O41: Isabela | P41: Correo | Q41: Si | R41: Entregado | S41: Quince | T41: Jaime Rodrigo Gutierrez Perez | U41: -74.059255 | V41: 4.662487
A42: 50A5Z | B42: Aurora 2 | C42: LA SABANA | L42: 46055 | M42: 46058 | N42: 3 | O42: Isabela | P42: Correo | Q42: Si | R42: Entregado | S42: Punto 72 | T42: Jaime Rodrigo Gutierrez Perez | U42: -74.10641 | V42: 4.6966203
A43: 50AT6 | B43: Auto 100 | C43: LA URIBE | L43: 46055 | M43: 46059 | N43: 4 | O43: Isabela | P43: Correo | Q43: Si | R43: Entregado | S43: Once setenta y dos | T43: Jaime Rodrigo Gutierrez Perez | U43: -74.059219 | V43: 4.657306
A44: 50I2O | B44: Autonorte 100 | C44: LAS FERIAS | L44: 46055 | M44: 46056 | N44: 1 | O44: Isabela | P44: Correo | Q44: Si | R44: Entregado | S44: Torre 40/13 | T44: Laura Valentina Avila Gutierrez | U44: -74.067326 | V44: 4.6275109
... A49: 50CJQ | B49: Av Santa Monica | C49: MINUTO DE DIOS | L49: 46059 | M49: 46062 | N49: 3 | O49: Isabela | P49: Teams | Q49: Si | R49: Entregado | S49: Fontibon Parque | T49: Laura Valentina Avila Gutierrez | U49: -74.143321 | V49: 4.675256
A50: 5075T | B50: Av. Pradilla | C50: MODELIA
A51: 50WLJ | B51: Avenida Constitucion | C51: MUZU
A52: 50QFF | B52: Avenida Palermo | C52: NIZA
A53: 50LMN | B53: Avenida Quimbaya | C53: PARDO RUBIO
A54: 50NUQ | B54: Avenida Sexta | C54: PARQUE SIMON BOLIVAR - CAN
A55: 50FG4 | B55: Avenida Sur | C55: PUENTE ARANDA
A56: 50W8O | B56: Aves Maria | C56: QUINTA PAREDES
A57: 502JA | B57: Bacata | C57: QUIROGA
A58: 5053N | B58: Baleares | C58: RESTREPO
A59: 50TLI | B59: Banca Armenia | C59: SAGRADO CORAZON
A60: 50M68 | B60: Barcelona | C60: SAN CRISTOBAL NORTE
A61: 50APD | B61: Barrio Bavaria | C61: SAN JOSE
... A75: 50ROX | B75: Bosa Maryland II | C75: ZONA INDUSTRIAL
A76: 50Q3X | B76: Bosa Zona Bancaria
A77: 50UZ3 | B77: Bosque Izquierdo
A78: 50K7W | B78: Boston
A79: 504B3 | B79: Boyaca 53
A80: 50CPF | B80: Boyacá Parque
A81: 50PC5 | B81: Bridge 93
A82: 50IZL | B82: Brisas De La Sexta
A83: 502SG | B83: Britalia
A84: 50NIL | B84: Britalia Norte
A85: 50RBT | B85: Britania
A86: 50BLE | B86: Bucara Play
A87: 502Z0 | B87: Bulevar 70
... A111: 50QVC | B111: Calle 93
A112: 50554 | B112: Calle 95
A113: 50RXB | B113: Camino Del Norte
A114: 50W57 | B114: Campincito
A115: 50PHR | B115: Campo Alto
A116: 509AX | B116: Cancilleria
A117: 50E7F | B117: Cantabria
A118: 50IT4 | B118: Cañaveral
A119: 501WG | B119: Cañaveralejo
A120: 50SQJ | B120: Capellania
A121: 505A9 | B121: Capital Center
A122: 5034C | B122: Capital Towers
A123: 50335 | B123: Caracas 53
A124: 500A9 | B124: Caracas 64
A125: 50GT9 | B125: Carrera 14
A126: 509NU | B126: Carrera 24
A127: 50S41 | B127: Carrera 30
A128: 50IMN | B128: Carrera 9Qc
A129: 50YKH | B129: Castellana
A130: 50K1D | B130: Castilla 78
A131: 50TFA | B131: Castillo 72
A132: 50EU7 | B132: Catama
A133: 50BFA | B133: Catedral
A134: 50JO4 | B134: Cc Cabecera Et II
A135: 50HOU | B135: Cedritos
... A238: 50Y9Q | B238: El Peñon
A239: 50854 | B239: El Progreso
A240: 50O4T | B240: El Retiro
A241: 50CCB | B241: El Rincon
A242: 50R3L | B242: El Trebol
...
